sample_rate_hz,mode,frequency_hz,measured_db,target_db,error_db,phase_deg
44100,F/L,20,5.95880980974,5.95880980974,1.06581410364e-14,-3.20539156267
44100,F/L,40,5.83904698575,5.83904698575,-2.13162820728e-14,-6.2722007762
44100,F/L,80,5.41005490993,5.41005490993,4.08562073062e-14,-11.5581867644
44100,F/L,125,4.75534142294,4.75534142294,-1.42108547152e-14,-15.7390727794
44100,F/L,250,3,3,3.41948691585e-14,-19.4071508584
44100,F/L,500,1.24420087753,1.24420087753,5.10702591328e-15,-15.7369363493
44100,F/L,1000,0.375321076908,0.375321076908,-9.27036225562e-15,-9.40029039625
44100,F/L,2500,0.0627666088269,0.0627666088269,-1.34059430223e-14,-3.94966173736
44100,F/L,5000,0.0148281747904,0.0148281747904,1.34753319614e-14,-1.92747040989
44100,F/L,8000,0.00500776365226,0.00500776365229,-3.66226146631e-14,-1.12104283688
44100,F/L,10000,0.00275816826123,0.00275816826122,1.54247274675e-14,-0.832132032211
44100,F/H,20,2.98074369911,2.98074369911,4.08562073062e-14,-1.42293272521
44100,F/H,40,2.92451393627,2.92451393627,1.24344978758e-14,-2.78453453603
44100,F/H,80,2.72035616915,2.72035616915,-1.99840144433e-14,-5.12406205023
44100,F/H,125,2.40185126818,2.40185126818,-1.15463194561e-14,-6.92282161644
44100,F/H,250,1.52965366379,1.52965366379,1.31006316906e-14,-7.89773113681
44100,F/H,500,0.720534223093,0.720534223093,-1.59872115546e-14,-4.11999347993
44100,F/H,1000,0.59138647611,0.59138647611,2.70894418009e-14,2.11893231746
44100,F/H,2500,1.52965366379,1.52965366379,-6.43929354283e-15,7.89773113681
44100,F/H,5000,2.43233062112,2.43233062112,-1.15463194561e-14,6.79935845475
44100,F/H,8000,2.77952185681,2.77952185681,-2.39808173319e-14,4.61137486409
44100,F/H,10000,2.87422774524,2.87422774524,-2.22044604925e-14,3.55604226677
44100,C/L,20,2.98055199926,2.98055199926,3.01980662698e-14,-1.58033905304
44100,C/L,40,2.92374728652,2.92374728652,-1.50990331349e-14,-3.09928630068
44100,C/L,80,2.71729196211,2.71729196211,-1.55431223448e-14,-5.7530789355
44100,C/L,125,2.39438149083,2.39438149083,-7.1054273576e-15,-7.90420253136
44100,C/L,250,1.5,1.5,-1.7763568394e-15,-9.84581257241
44100,C/L,500,0.605389926741,0.605389926741,0,-7.90308794977
44100,C/L,1000,0.178856379378,0.178856379378,2.07889261361e-14,-4.66260274142
44100,C/L,2500,0.0296536637854,0.0296536637854,5.76275138719e-15,-1.94808143559
44100,C/L,5000,0.0069958278318,0.00699582783179,7.70737640376e-15,-0.949812163458
44100,C/L,8000,0.00236195672056,0.00236195672056,3.8562902871e-15,-0.552319147146
44100,C/L,10000,0.00130083012914,0.00130083012913,1.54268958719e-14,-0.409959811488
44100,C/H,20,0.000191699851653,0.000191699851653,0,0.157406327833
44100,C/H,40,0.000766649756078,0.000766649756068,9.642352021e-15,0.314751764646
44100,C/H,80,0.00306420703945,0.00306420703945,-1.92814514355e-15,0.62901688527
44100,C/H,125,0.00746977735276,0.00746977735276,0,0.981380914918
44100,C/H,250,0.0296536637854,0.0296536637854,0,1.94808143559
44100,C/H,500,0.115144296352,0.115144296352,0,3.78309446984
44100,C/H,1000,0.412530096732,0.412530096732,7.38298311376e-15,6.78153505888
44100,C/H,2500,1.5,1.5,-3.33066907388e-15,9.84581257241
44100,C/H,5000,2.42533479329,2.42533479329,1.33226762955e-15,7.74917061821
44100,C/H,8000,2.77715990009,2.77715990009,0,5.16369401124
44100,C/H,10000,2.87292691511,2.87292691511,-2.6645352591e-15,3.96600207826
44100,T/L,20,-2.98036029941,-2.98036029941,-4.21884749358e-14,1.73774538088
44100,T/L,40,-2.92298063676,-2.92298063676,-3.37507799486e-14,3.41403806532
44100,T/L,80,-2.71422775507,-2.71422775507,-1.46549439251e-14,6.38209582077
44100,T/L,125,-2.38691171348,-2.38691171348,-3.41948691585e-14,8.88558344628
44100,T/L,250,-1.47034633621,-1.47034633621,-3.53050921831e-14,11.793894008
44100,T/L,500,-0.490245630388,-0.490245630388,3.05311331772e-15,11.6861824196
44100,T/L,1000,0.233673717354,0.233673717354,-3.56936702417e-14,11.4441378003
44100,T/L,2500,1.47034633621,1.47034633621,-1.487698853e-14,11.793894008
44100,T/L,5000,2.41833896545,2.41833896545,-2.22044604925e-14,8.69898278167
44100,T/L,8000,2.77479794337,2.77479794337,3.99680288865e-15,5.71601315838
44100,T/L,10000,2.87162608498,2.87162608498,-2.35367281221e-14,4.37596188974
44100,T/H,20,-5.95840331819,-5.95840331819,-2.48689957516e-14,3.52490774506
44100,T/H,40,-5.83742139426,-5.83742139426,-1.42108547152e-14,6.91109450091
44100,T/H,80,-5.40355853193,-5.40355853193,2.04281036531e-14,12.8348664526
44100,T/H,125,-4.73950913617,-4.73950913617,1.33226762955e-14,17.7305677719
44100,T/H,250,-2.93723339117,-2.93723339117,1.33226762955e-14,23.3568125958
44100,T/H,500,-1.00170540051,-1.00170540051,1.1990408666e-14,23.3817177579
44100,T/H,1000,0.479949596185,0.479949596185,-9.10382880193e-15,22.9711490862
44100,T/H,2500,2.93723339117,2.93723339117,-1.33226762955e-14,23.3568125958
44100,T/H,5000,4.8025581475,4.8025581475,-2.6645352591e-15,17.3690591889
44100,T/H,8000,5.52849773766,5.52849773766,-2.6645352591e-15,11.5157186144
44100,T/H,10000,5.72980711179,5.72980711179,6.2172489379e-15,8.84298045127
48000,F/L,20,5.95880847106,5.95880847106,-2.84217094304e-14,-3.20544328932
48000,F/L,40,5.83904197389,5.83904197389,-5.3290705182e-14,-6.27229573443
48000,F/L,80,5.41003938166,5.41003938166,-5.3290705182e-15,-11.5583222759
48000,F/L,125,4.7553176417,4.7553176417,-6.12843109593e-14,-15.7391837613
48000,F/L,250,3,3,8.43769498715e-15,-19.4071508584
48000,F/L,500,1.244296028,1.244296028,-3.17523785043e-14,-15.7373805583
48000,F/L,1000,0.375493924735,0.375493924735,-5.55111512313e-15,-9.4023101066
48000,F/L,2500,0.0629721398258,0.0629721398258,-3.63736818443e-14,-3.95605453539
48000,F/L,5000,0.0150352796993,0.0150352796993,1.73281528015e-14,-1.94085059038
48000,F/L,8000,0.00520735975618,0.00520735975618,-1.92727778181e-15,-1.1431463895
48000,F/L,10000,0.00294933524419,0.00294933524419,3.8562902871e-15,-0.860472513464
48000,F/H,20,2.98074370796,2.98074370796,5.90638649101e-14,-1.42269506906
48000,F/H,40,2.92451411631,2.92451411631,-3.5527136788e-14,-2.78405575231
48000,F/H,80,2.72035885313,2.72035885313,-1.11022302463e-14,-5.12308217667
48000,F/H,125,2.40186427098,2.40186427098,-1.46549439251e-14,-6.92125061659
48000,F/H,250,1.52975094035,1.52975094035,0,-7.89457044118
48000,F/H,500,0.720937190421,0.720937190421,5.3290705182e-15,-4.11462400099
48000,F/H,1000,0.592467040026,0.592467040026,2.34257058196e-14,2.12480090876
48000,F/H,2500,1.52975094035,1.52975094035,-7.9936057773e-15,7.89457044118
48000,F/H,5000,2.42751741753,2.42751741753,7.54951656745e-15,6.81791885088
48000,F/H,8000,2.77213565232,2.77213565232,1.50990331349e-14,4.67936021397
48000,F/H,10000,2.86634452669,2.86634452669,-1.33226762955e-15,3.65893393154
48000,C/L,20,2.98055136645,2.98055136645,3.01980662698e-14,-1.58036459592
48000,C/L,40,2.92374490141,2.92374490141,-2.22044604925e-14,-3.09933350721
48000,C/L,80,2.71728440951,2.71728440951,2.6645352591e-15,-5.75314778654
48000,C/L,125,2.394369614,2.394369614,-1.15463194561e-14,-7.90426043141
48000,C/L,250,1.5,1.5,-2.77555756156e-14,-9.84581257241
48000,C/L,500,0.605437446106,0.605437446106,1.25455201783e-14,-7.90331969343
48000,C/L,1000,0.178939573905,0.178939573905,1.13520304268e-14,-4.66361824324
48000,C/L,2500,0.0297509403544,0.0297509403544,-7.68829444553e-15,-1.95124213122
48000,C/L,5000,0.00709358088988,0.0070935808899,-1.73446326746e-14,-0.956409409946
48000,C/L,8000,0.00245611220354,0.00245611220357,-3.0849454935e-14,-0.563211367315
48000,C/L,10000,0.00139099758197,0.00139099758198,-7.7132310955e-15,-0.423923652789
48000,C/H,20,0.000192341511189,0.000192341511189,0,0.15766952686
48000,C/H,40,0.000769214893643,0.000769214893639,3.8569408084e-15,0.315277754905
48000,C/H,80,0.00307444362055,0.00307444362054,9.64029203687e-15,0.630065609874
48000,C/H,125,0.00749465697807,0.00749465697806,1.92641042007e-15,0.983009814825
48000,C/H,250,0.0297509403544,0.0297509403544,-1.92207361138e-15,1.95124213122
48000,C/H,500,0.115499744314,0.115499744314,7.60502771868e-15,3.78869569245
48000,C/H,1000,0.413527466121,0.413527466121,0,6.788419152
48000,C/H,2500,1.5,1.5,9.54791801178e-15,9.84581257241
48000,C/H,5000,2.42042383664,2.42042383664,-3.10862446895e-15,7.77432826083
48000,C/H,8000,2.76967954012,2.76967954012,6.2172489379e-15,5.24257158128
48000,C/H,10000,2.86495352911,2.86495352911,-6.66133814775e-15,4.08285758433
48000,T/L,20,-2.98035902494,-2.98035902494,-3.41948691585e-14,1.73803412278
48000,T/L,40,-2.92297568652,-2.92297568652,-2.35367281221e-14,3.41461126212
48000,T/L,80,-2.71420996589,-2.71420996589,-1.73194791842e-14,6.38321339642
48000,T/L,125,-2.38687495702,-2.38687495702,-7.54951656745e-15,8.88727024624
48000,T/L,250,-1.47024905965,-1.47024905965,-2.73114864058e-14,11.7970547036
48000,T/L,500,-0.489937701792,-0.489937701792,3.05311331772e-15,11.6920153859
48000,T/L,1000,0.234587892217,0.234587892217,-1.69031455499e-14,11.4520373952
48000,T/L,2500,1.47024905965,1.47024905965,-1.31006316906e-14,11.7970547036
48000,T/L,5000,2.41333025575,2.41333025575,-5.77315972805e-15,8.73073767078
48000,T/L,8000,2.76722342791,2.76722342791,1.55431223448e-14,5.8057829486
48000,T/L,10000,2.86356253153,2.86356253153,1.42108547152e-14,4.50678123712
48000,T/H,20,-5.95840061891,-5.95840061891,1.7763568394e-15,3.52549372612
48000,T/H,40,-5.83741094359,-5.83741094359,3.19744231092e-14,6.91225706468
48000,T/H,80,-5.40352130534,-5.40352130534,3.46389583683e-14,12.8371299657
48000,T/H,125,-4.73943264642,-4.73943264642,3.46389583683e-14,17.7339822244
48000,T/H,250,-2.93702786017,-2.93702786017,-5.3290705182e-15,23.3632053938
48000,T/H,500,-1.00105694586,-1.00105694586,1.62092561595e-14,23.3933792685
48000,T/H,1000,0.481803382555,0.481803382555,1.82631687551e-14,22.9865595586
48000,T/H,2500,2.93702786017,2.93702786017,1.33226762955e-15,23.3632053938
48000,T/H,5000,4.7924982306,4.7924982306,9.7699626167e-15,17.4307567481
48000,T/H,8000,5.51283307513,5.51283307513,-1.7763568394e-15,11.6939292503
48000,T/H,10000,5.71296450353,5.71296450353,3.5527136788e-15,9.10493476111
88200,F/L,20,5.95880336948,5.95880336948,1.4832579609e-13,-3.20564040693
88200,F/L,40,5.8390228743,5.8390228743,9.41469124882e-14,-6.2726575945
88200,F/L,80,5.4099802065,5.4099802065,1.4743761767e-13,-11.5588386607
88200,F/L,125,4.75522701884,4.75522701884,7.1054273576e-14,-15.7396066576
88200,F/L,250,3,3,6.43929354283e-14,-19.4071508584
88200,F/L,500,1.24465857706,1.24465857706,8.43769498715e-15,-15.7390727794
88200,F/L,1000,0.37615266933,0.376152669329,5.53446177776e-14,-9.41000228056
88200,F/L,2500,0.0637570199559,0.0637570199559,2.68118860447e-14,-3.98036874041
88200,F/L,5000,0.0158322867753,0.0158322867753,-5.39047972925e-14,-1.99149499244
88200,F/L,8000,0.00598982568022,0.00598982568026,-3.85455556362e-14,-1.22594721356
88200,F/L,10000,0.00371439929013,0.00371439929009,4.04841091206e-14,-0.965587174187
88200,F/H,20,2.98074374755,2.98074374755,1.06581410364e-14,-1.42179099818
88200,F/H,40,2.9245148258,2.9245148258,-7.06101843662e-14,-2.7822343913
88200,F/H,80,2.72036917453,2.72036917453,-7.32747196253e-14,-5.11935453087
88200,F/H,125,2.40191404603,2.40191404603,-7.86037901435e-14,-6.91527418918
88200,F/H,250,1.53012242977,1.53012242977,-2.0650148258e-14,-7.88254879447
88200,F/H,500,0.722474512452,0.722474512452,-3.19744231092e-14,-4.09422340964
88200,F/H,1000,0.596578638765,0.596578638766,-3.78586051397e-14,2.14700296982
88200,F/H,2500,1.53012242977,1.53012242977,-1.44328993201e-14,7.88254879447
88200,F/H,5000,2.40942767941,2.40942767941,-1.73194791842e-14,6.88564201731
88200,F/H,8000,2.74395314813,2.74395314813,-2.39808173319e-14,4.92528888623
88200,F/H,10000,2.83565704032,2.83565704032,1.82076576039e-14,4.02761932397
88200,C/L,20,2.98054895488,2.98054895488,-1.1990408666e-14,-1.58046193359
88200,C/L,40,2.92373581206,2.92373581206,-8.52651282912e-14,-3.09951339865
88200,C/L,80,2.71725562797,2.71725562797,-6.92779167366e-14,-5.7534101533
88200,C/L,125,2.39432435504,2.39432435504,-1.06581410364e-13,-7.90448105983
88200,C/L,250,1.5,1.5,-3.90798504668e-14,-9.84581257241
88200,C/L,500,0.605618509171,0.605618509171,-2.5202062659e-14,-7.90420253136
88200,C/L,1000,0.179256645306,0.179256645306,1.88737914186e-14,-4.66748591745
88200,C/L,2500,0.0301224297746,0.0301224297747,-4.80518402846e-14,-1.96326377794
88200,C/L,5000,0.00746977735278,0.00746977735276,1.92701757329e-14,-0.981380914918
88200,C/L,8000,0.00282523538797,0.00282523538795,1.73520052493e-14,-0.60401522426
88200,C/L,10000,0.0017518642146,0.00175186421459,1.92836198398e-15,-0.475716862279
88200,C/H,20,0.000194792671652,0.000194792671643,9.64308385747e-15,0.158670935414
88200,C/H,40,0.000779013746351,0.000779013746357,-5.7854112126e-15,0.317279007349
88200,C/H,80,0.00311354656263,0.00311354656262,5.78356806891e-15,0.634055622434
88200,C/H,125,0.00758969098613,0.00758969098613,1.92641042007e-15,0.989206870649
88200,C/H,250,0.0301224297747,0.0301224297747,-9.60689860996e-15,1.96326377794
88200,C/H,500,0.116856003281,0.116856003281,0,3.80997912172
88200,C/H,1000,0.41732199346,0.41732199346,1.09912079438e-14,6.81448888728
88200,C/H,2500,1.5,1.5,0,9.84581257241
88200,C/H,5000,2.40195790206,2.40195790206,-2.6645352591e-15,7.86702293223
88200,C/H,8000,2.74112791274,2.74112791274,-6.66133814775e-15,5.52930411049
88200,C/H,10000,2.8339051761,2.8339051761,5.77315972805e-15,4.50333618625
88200,T/L,20,-2.98035416221,-2.98035416221,9.32587340685e-15,1.73913286901
88200,T/L,40,-2.92295679831,-2.92295679831,1.7763568394e-14,3.41679240599
88200,T/L,80,-2.71414208141,-2.71414208141,3.01980662698e-14,6.38746577573
88200,T/L,125,-2.38673466405,-2.38673466405,3.15303338994e-14,8.89368793048
88200,T/L,250,-1.46987757023,-1.46987757023,1.59872115546e-14,11.8090763503
88200,T/L,500,-0.48876250589,-0.48876250589,2.34812169708e-14,11.7141816531
88200,T/L,1000,0.238065348154,0.238065348154,2.43693953905e-14,11.4819748047
88200,T/L,2500,1.46987757023,1.46987757023,5.10702591328e-15,11.8090763503
88200,T/L,5000,2.39448812471,2.39448812471,-1.59872115546e-14,8.84840384714
88200,T/L,8000,2.73830267736,2.73830267736,8.43769498715e-15,6.13331933475
88200,T/L,10000,2.83215331189,2.83215331189,1.33226762955e-15,4.97905304853
88200,T/H,20,-5.95839031981,-5.95839031981,-9.50350909079e-14,3.52772355198
88200,T/H,40,-5.83737106767,-5.83737106767,-1.4832579609e-13,6.91668087558
88200,T/H,80,-5.40337924451,-5.40337924451,-8.79296635503e-14,12.8457425921
88200,T/H,125,-4.73914069161,-4.73914069161,-1.86517468137e-14,17.7469728924
88200,T/H,250,-2.93624298004,-2.93624298004,-3.10862446895e-14,23.3875195989
88200,T/H,500,-0.998582441503,-0.998582441503,-1.85407245112e-14,23.4376907344
88200,T/H,1000,0.488853480958,0.488853480958,3.10307335383e-14,23.0449516718
88200,T/H,2500,2.93624298004,2.93624298004,-1.64313007645e-14,23.3875195989
88200,T/H,5000,4.7546834996,4.7546834996,-3.5527136788e-15,17.6592839279
88200,T/H,8000,5.45312871503,5.45312871503,1.86517468137e-14,12.3431908302
88200,T/H,10000,5.64749642332,5.64749642332,-9.7699626167e-15,10.0488984099
96000,F/L,20,5.95880303479,5.95880303479,7.72715225139e-14,-3.20565333816
96000,F/L,40,5.8390216213,5.8390216213,5.95079541199e-14,-6.27268133296
96000,F/L,80,5.40997632447,5.40997632447,1.00364161426e-13,-11.5588725355
96000,F/L,125,4.75522107393,4.75522107393,7.19424519957e-14,-15.7396343987
96000,F/L,250,3,3,6.97220059465e-14,-19.4071508584
96000,F/L,500,1.2446823583,1.2446823583,-9.99200722163e-15,-15.7391837613
96000,F/L,1000,0.37619588755,0.37619588755,-5.72319969194e-14,-9.41050665328
96000,F/L,2500,0.063808600343,0.063808600343,-1.9137469387e-14,-3.98196118403
96000,F/L,5000,0.0158849952767,0.0158849952767,3.08017500394e-14,-1.99479846306
96000,F/L,8000,0.00604231658276,0.00604231658278,-2.12000555999e-14,-1.23130179701
96000,F/L,10000,0.00376648401371,0.00376648401375,-3.66286861953e-14,-0.972329294407
96000,F/H,20,2.98074375047,2.98074375047,3.81916720471e-14,-1.42173177689
96000,F/H,40,2.92451487364,2.92451487364,-2.88657986403e-14,-2.78211508203
96000,F/H,80,2.72036985679,2.72036985679,-4.35207425653e-14,-5.11911034559
96000,F/H,125,2.40191732373,2.40191732373,-4.26325641456e-14,-6.91488269329
96000,F/H,250,1.53014684372,1.53014684372,-4.88498130835e-15,-7.88176142555
96000,F/H,500,0.722575457051,0.722575457051,-6.37268016135e-14,-4.0928884782
96000,F/H,1000,0.596848022647,0.596848022647,-3.96349619791e-14,2.14845054871
96000,F/H,2500,1.53014684372,1.53014684372,-3.37507799486e-14,7.88176142555
96000,F/H,5000,2.40825493559,2.40825493559,0,6.88992278267
96000,F/H,8000,2.74210510547,2.74210510547,-4.4408920985e-15,4.94071875696
96000,F/H,10000,2.8336159493,2.8336159493,-2.0872192863e-14,4.05056197269
96000,C/L,20,2.98054879667,2.98054879667,3.99680288865e-14,-1.5804683191
96000,C/L,40,2.92373521576,2.92373521576,-5.3290705182e-15,-3.09952519975
96000,C/L,80,2.71725373983,2.71725373983,-5.77315972805e-15,-5.75342736455
96000,C/L,125,2.39432138602,2.39432138602,-6.30606677987e-14,-7.90449553261
96000,C/L,250,1.5,1.5,-1.7763568394e-15,-9.84581257241
96000,C/L,500,0.605630386001,0.605630386001,-3.05311331772e-14,-7.90426043141
96000,C/L,1000,0.179277447763,0.179277447763,-1.13520304268e-14,-4.6677395238
96000,C/L,2500,0.0301468437228,0.0301468437228,-2.49904263949e-14,-1.96405114686
96000,C/L,5000,0.00749465697802,0.00749465697806,-4.23940396677e-14,-0.983009814825
96000,C/L,8000,0.00284999822591,0.00284999822592,-1.34961486431e-14,-0.606654002223
96000,C/L,10000,0.00177643220127,0.00177643220128,-9.64115939861e-15,-0.479038991162
96000,C/H,20,0.000194953800033,0.000194953800042,-9.64308385747e-15,0.158736542215
96000,C/H,40,0.000779657876232,0.000779657876255,-2.31418616908e-14,0.317410117716
96000,C/H,80,0.00311611695345,0.00311611695347,-2.31355733182e-14,0.634317018958
96000,C/H,125,0.00759593771262,0.00759593771264,-2.31238639348e-14,0.989612839319
96000,C/H,250,0.0301468437228,0.0301468437228,-1.92207361138e-14,1.96405114686
96000,C/H,500,0.11694507105,0.11694507105,-2.09277040142e-14,3.81137195321
96000,C/H,1000,0.417570574884,0.417570574884,-7.38298311376e-15,6.81619007251
96000,C/H,2500,1.5,1.5,-3.33066907388e-15,9.84581257241
96000,C/H,5000,2.40076027861,2.40076027861,-7.1054273576e-15,7.8729325975
96000,C/H,8000,2.73925510724,2.73925510724,-3.99680288865e-15,5.54737275919
96000,C/H,10000,2.8318395171,2.8318395171,2.6645352591e-15,4.52960096385
96000,T/L,20,-2.98035384287,-2.98035384287,-1.42996725572e-13,1.73920486132
96000,T/L,40,-2.92295555789,-2.92295555789,-1.50102152929e-13,3.41693531747
96000,T/L,80,-2.71413762288,-2.71413762288,-9.7699626167e-14,6.38774438351
96000,T/L,125,-2.38672544831,-2.38672544831,-7.1054273576e-14,8.89410837192
96000,T/L,250,-1.46985315628,-1.46985315628,-5.28466159722e-14,11.8098637193
96000,T/L,500,-0.488685314951,-0.488685314951,1.99840144433e-15,11.7156323846
96000,T/L,1000,0.238293127121,0.238293127121,4.69069227904e-14,11.4839295963
96000,T/L,2500,1.46985315628,1.46985315628,4.66293670343e-15,11.8098637193
96000,T/L,5000,2.39326562163,2.39326562163,-7.1054273576e-15,8.85594241232
96000,T/L,8000,2.73640510901,2.73640510901,3.99680288865e-15,6.15402676141
96000,T/L,10000,2.8300630849,2.8300630849,-2.62012633812e-14,5.00863995501
96000,T/H,20,-5.95838964346,-5.95838964346,-1.11022302463e-13,3.52786965509
96000,T/H,40,-5.83736844893,-5.83736844893,-1.29674049276e-13,6.91697072916
96000,T/H,80,-5.4033699141,-5.4033699141,-2.6645352591e-14,12.8463068722
96000,T/H,125,-4.73912151293,-4.73912151293,-2.6645352591e-15,17.7478239422
96000,T/H,250,-2.93619139966,-2.93619139966,-9.32587340685e-15,23.3891120425
96000,T/H,500,-0.998419923766,-0.998419923766,-5.08482145278e-14,23.4405905827
96000,T/H,1000,0.489315186972,0.489315186972,-9.10382880193e-15,23.048763914
96000,T/H,2500,2.93619139966,2.93619139966,9.7699626167e-15,23.3891120425
96000,T/H,5000,4.75223161369,4.75223161369,7.9936057773e-15,17.67392038
96000,T/H,8000,5.44921713912,5.44921713912,-2.6645352591e-15,12.3841869645
96000,T/H,10000,5.64314729063,5.64314729063,-2.93098878501e-14,10.1079432863
176400,F/L,20,5.95880175937,5.95880175937,-2.42472708578e-13,-3.20570261658
176400,F/L,40,5.83901684632,5.83901684632,-2.99316127439e-13,-6.2727717955
176400,F/L,80,5.40996153077,5.40996153077,-1.98063787593e-13,-11.5590016247
176400,F/L,125,4.75519841911,4.75519841911,-2.03392858111e-13,-15.7397401129
176400,F/L,250,3,3,-1.58095758707e-13,-19.4071508584
176400,F/L,500,1.24477298116,1.24477298116,-3.01980662698e-14,-15.7396066576
176400,F/L,1000,0.376360587812,0.376360587812,-9.21485110439e-15,-9.41242844267
176400,F/L,2500,0.0640052654224,0.0640052654224,-1.91513471748e-15,-3.98802674318
176400,F/L,5000,0.0160863272263,0.0160863272264,-5.77315972805e-15,-2.00736623475
176400,F/L,8000,0.0062436045583,0.00624360455831,-1.7346367398e-14,-1.25162194388
176400,F/L,10000,0.00396697226931,0.00396697226936,-5.39776556785e-14,-0.997855416791
176400,F/H,20,2.98074376196,2.98074376196,-4.35207425653e-14,-1.42150619415
176400,F/H,40,2.92451505739,2.92451505739,-1.54098955818e-13,-2.78166061441
176400,F/H,80,2.72037246251,2.72037246251,-2.48245868306e-13,-5.11818020153
176400,F/H,125,2.40192982836,2.40192982836,-1.15463194561e-13,-6.91339141677
176400,F/H,250,1.53023992959,1.53023992959,-1.06581410364e-13,-7.87876234519
176400,F/H,500,0.722960242222,0.722960242222,-1.47215573065e-13,-4.0878051182
176400,F/H,1000,0.597874202517,0.597874202517,8.10462807976e-14,2.15395698154
176400,F/H,2500,1.53023992959,1.53023992959,1.31006316906e-14,7.87876234519
176400,F/H,5000,2.40380160109,2.40380160109,-3.37507799486e-14,6.90605801195
176400,F/H,8000,2.73506626898,2.73506626898,1.99840144433e-14,4.99875198197
176400,F/H,10000,2.82581418979,2.82581418979,1.55431223448e-14,4.1366458763
176400,C/L,20,2.98054819376,2.98054819376,-2.53130849615e-14,-1.58049265304
176400,C/L,40,2.92373294338,2.92373294338,-1.7852386236e-13,-3.09957017141
176400,C/L,80,2.71724654448,2.71724654448,-2.34479102801e-13,-5.75349295283
176400,C/L,125,2.39431007171,2.39431007171,-8.21565038223e-14,-7.90455068464
176400,C/L,250,1.5,1.5,-1.28341781647e-13,-9.84581257241
176400,C/L,500,0.605675644959,0.605675644959,-6.48370246381e-14,-7.90448105983
176400,C/L,1000,0.179356724238,0.179356724238,5.8564264549e-14,-4.66870583412
176400,C/L,2500,0.0302399295861,0.0302399295861,3.84414722276e-14,-1.96705022722
176400,C/L,5000,0.00758969098608,0.00758969098613,-4.81741382896e-14,-0.989206870649
176400,C/L,8000,0.00294495750189,0.00294495750189,0,-0.61666799284
176400,C/L,10000,0.00187100174958,0.00187100174962,-3.47083473073e-14,-0.491616887051
176400,C/H,20,0.000195568198449,0.000195568198446,3.85721185894e-15,0.15898645889
176400,C/H,40,0.00078211400322,0.00078211400321,9.64224360078e-15,0.317909556992
176400,C/H,80,0.00312591803494,0.00312591803493,1.92814514355e-15,0.635312751304
176400,C/H,125,0.00761975665613,0.00761975665612,7.70737640376e-15,0.991159267875
176400,C/H,250,0.0302399295861,0.0302399295861,-1.72951930555e-14,1.96705022722
176400,C/H,500,0.117284597263,0.117284597263,1.71251901548e-14,3.81667594164
176400,C/H,1000,0.418517478278,0.418517478278,9.21485110439e-15,6.82266281566
176400,C/H,2500,1.5,1.5,-8.21565038223e-15,9.84581257241
176400,C/H,5000,2.3962119101,2.3962119101,0,7.8952648826
176400,C/H,8000,2.73212131148,2.73212131148,8.43769498715e-15,5.61541997481
176400,C/H,10000,2.82394318804,2.82394318804,3.99680288865e-15,4.62826276335
176400,T/L,20,-2.98035262557,-2.98035262557,3.64153152077e-14,1.73947911193
176400,T/L,40,-2.92295082938,-2.92295082938,6.08402217495e-14,3.4174797284
176400,T/L,80,-2.71412062644,-2.71412062644,1.86517468137e-14,6.38880570413
176400,T/L,125,-2.38669031505,-2.38669031505,7.46069872548e-14,8.89570995252
176400,T/L,250,-1.46976007041,-1.46976007041,1.11022302463e-15,11.8128627996
176400,T/L,500,-0.488391047696,-0.488391047696,1.73194791842e-14,11.7211570015
176400,T/L,1000,0.23916075404,0.23916075404,4.87665463567e-14,11.4913686498
176400,T/L,2500,1.46976007041,1.46976007041,1.46549439251e-14,11.8128627996
176400,T/L,5000,2.38862221912,2.38862221912,4.52970994047e-14,8.88447175325
176400,T/L,8000,2.72917635398,2.72917635398,1.15463194561e-14,6.23208796765
176400,T/L,10000,2.8220721863,2.8220721863,-1.24344978758e-14,5.11987965041
176400,T/H,20,-5.95838706524,-5.95838706524,-5.3290705182e-15,3.52842622654
176400,T/H,40,-5.83735846628,-5.83735846628,2.6645352591e-15,6.91807490493
176400,T/H,80,-5.40333434532,-5.40333434532,6.57252030578e-14,12.848456422
176400,T/H,125,-4.73904839749,-4.73904839749,1.59872115546e-13,17.7510658238
176400,T/H,250,-2.93599473458,-2.93599473458,7.14983627859e-14,23.3951776016
176400,T/H,500,-0.997800392115,-0.997800392115,3.45279360658e-14,23.451633401
176400,T/H,1000,0.491073761698,0.491073761698,2.3758772727e-14,23.0632709957
176400,T/H,2500,2.93599473458,2.93599473458,5.3290705182e-15,23.3951776016
176400,T/H,5000,4.74292041639,4.74292041639,2.6645352591e-15,17.7293063891
176400,T/H,8000,5.4343224963,5.4343224963,-5.3290705182e-15,12.5386755378
176400,T/H,10000,5.62652931471,5.62652931471,-1.42108547152e-14,10.3298373312
192000,F/L,20,5.95880167569,5.95880167569,4.61852778244e-14,-3.20570584936
192000,F/L,40,5.83901653307,5.83901653307,-3.28626015289e-14,-6.27277773004
192000,F/L,80,5.40996056027,5.40996056027,5.50670620214e-14,-11.5590100932
192000,F/L,125,4.75519693291,4.75519693291,-3.5527136788e-14,-15.7397470479
192000,F/L,250,3,3,3.5527136788e-14,-19.4071508584
192000,F/L,500,1.24477892607,1.24477892607,1.036948305e-13,-15.7396343987
192000,F/L,1000,0.376371392756,0.376371392756,4.43534098338e-14,-9.4125545012
192000,F/L,2500,0.0640181727649,0.0640181727649,-1.9137469387e-14,-3.98842449563
192000,F/L,5000,0.0160995609926,0.0160995609926,-2.69506639228e-14,-2.00818954345
192000,F/L,8000,0.00625687830866,0.00625687830865,5.78270070717e-15,-1.25295030725
192000,F/L,10000,0.00398023392009,0.00398023392008,9.63899099427e-15,-0.999520841662
192000,F/H,20,2.98074376274,2.98074376274,2.29594121492e-13,-1.42149140082
192000,F/H,40,2.92451506952,2.92451506952,1.27897692437e-13,-2.78163081117
192000,F/H,80,2.72037263378,2.72037263378,-9.23705556488e-14,-5.11811920396
192000,F/H,125,2.40193064947,2.40193064947,5.24025267623e-14,-6.91329362088
192000,F/H,250,1.53024603895,1.53024603895,-2.75335310107e-14,-7.87856567764
192000,F/H,500,0.722985490821,0.722985490821,-5.15143483426e-14,-4.08747184847
192000,F/H,1000,0.597941500694,0.597941500694,3.59712259979e-14,2.15431766279
192000,F/H,2500,1.53024603895,1.53024603895,3.88578058619e-14,7.87856567764
192000,F/H,5000,2.40351032475,2.40351032475,5.68434188608e-14,6.90710673422
192000,F/H,8000,2.73460474627,2.73460474627,-1.86517468137e-14,5.00251699255
192000,F/H,10000,2.82530117433,2.82530117433,-3.24185123191e-14,4.14221943149
192000,C/L,20,2.98054815421,2.98054815421,2.20712337295e-13,-1.5804942494
192000,C/L,40,2.92373279431,2.92373279431,3.19744231092e-14,-3.09957312165
192000,C/L,80,2.71724607245,2.71724607245,-9.14823772291e-14,-5.75349725555
192000,C/L,125,2.39430932946,2.39430932946,9.68114477473e-14,-7.9045543027
192000,C/L,250,1.5,1.5,-1.64313007645e-14,-9.84581257241
192000,C/L,500,0.605678613978,0.605678613978,-5.3290705182e-15,-7.90449553261
192000,C/L,1000,0.17936192509,0.17936192509,2.45359288442e-14,-4.6687692189
192000,C/L,2500,0.0302460389487,0.0302460389486,6.72691069514e-14,-1.96724689476
192000,C/L,5000,0.00759593771261,0.00759593771264,-3.27593854821e-14,-0.989612839319
192000,C/L,8000,0.00295121954283,0.00295121954282,9.63942467513e-15,-0.617322628908
192000,C/L,10000,0.00187725725854,0.00187725725856,-1.54260285101e-14,-0.492437523668
192000,C/H,20,0.000195608524865,0.000195608524848,1.73575075754e-14,0.159002848578
192000,C/H,40,0.000782275212381,0.00078227521236,2.12133912866e-14,0.317942310479
192000,C/H,80,0.00312656133076,0.00312656133078,-1.34957149622e-14,0.635378051586
192000,C/H,125,0.00762132000234,0.00762132000232,2.11957187912e-14,0.991260681822
192000,C/H,250,0.0302460389486,0.0302460389486,1.34510458327e-14,1.96724689476
192000,C/H,500,0.117306876843,0.117306876843,5.71764857682e-15,3.81702368414
192000,C/H,1000,0.418579575604,0.418579575604,1.65978342181e-14,6.82308688169
192000,C/H,2500,1.5,1.5,3.33066907388e-15,9.84581257241
192000,C/H,5000,2.39591438703,2.39591438703,-1.02140518266e-14,7.89671957353
192000,C/H,8000,2.73165352672,2.73165352672,5.77315972805e-15,5.61983962146
192000,C/H,10000,2.82342391708,2.82342391708,-2.6645352591e-15,4.63465695516
192000,T/L,20,-2.98035254569,-2.98035254569,-1.66089364484e-13,1.73949709798
192000,T/L,40,-2.9229505191,-2.9229505191,-2.17603712827e-13,3.41751543213
192000,T/L,80,-2.71411951112,-2.71411951111,-2.6778579354e-13,6.38887530714
192000,T/L,125,-2.38668800946,-2.38668800946,-6.03961325396e-14,8.89581498452
192000,T/L,250,-1.46975396105,-1.46975396105,-6.48370246381e-14,11.8130594672
192000,T/L,500,-0.488371737136,-0.488371737136,-6.53366249992e-14,11.7215192167
192000,T/L,1000,0.239217650514,0.239217650514,3.56381590905e-14,11.4918561006
192000,T/L,2500,1.46975396105,1.46975396105,-9.7699626167e-15,11.8130594672
192000,T/L,5000,2.38831844932,2.38831844932,-1.46549439251e-14,8.88633241285
192000,T/L,8000,2.72870230718,2.72870230718,1.24344978758e-14,6.23716225037
192000,T/L,10000,2.82154665982,2.82154665982,9.7699626167e-15,5.12709447883
192000,T/H,20,-5.95838689606,-5.95838689606,-4.52970994047e-14,3.5284627279
192000,T/H,40,-5.83735781122,-5.83735781122,-6.2172489379e-14,6.91814731931
192000,T/H,80,-5.40333201125,-5.40333201125,-3.5527136788e-14,12.8485973926
192000,T/H,125,-4.73904359933,-4.73904359933,4.79616346638e-14,17.7512784267
192000,T/H,250,-2.93598182724,-2.93598182724,-4.7517545454e-14,23.3955753541
192000,T/H,500,-0.997759737901,-0.997759737901,-6.61692922677e-14,23.4523573962
192000,T/H,1000,0.491189078562,0.491189078562,-2.55351295664e-14,23.064221553
192000,T/H,2500,2.93598182724,2.93598182724,-2.04281036531e-14,23.3955753541
192000,T/H,5000,4.74231137671,4.74231137671,-1.59872115546e-14,17.7329183484
192000,T/H,8000,5.43334609169,5.43334609169,-2.13162820728e-14,12.5487148608
192000,T/H,10000,5.62543690338,5.62543690338,8.881784197e-16,10.3442235005
