group,fs,gain,bass,treble,input_peak,hz,max_oracle_error,residual_dbr,thd_percent,fundamental,volume,amplitude,mode,boost_db
fidelity,44100,0.0,0.5,0.5,0.02,113.04931640625,4.5102810375396984e-17,-144.949889779099,,,,,,
fidelity,44100,0.0,0.0,0.0,0.02,113.04931640625,1.9081958235744878e-17,-144.94959527598797,,,,,,
fidelity,44100,0.0,0.0,1.0,0.02,113.04931640625,4.683753385137379e-17,-144.94959524110865,,,,,,
fidelity,44100,0.0,1.0,0.0,0.02,113.04931640625,1.3877787807814457e-16,-144.95080670733688,,,,,,
fidelity,44100,0.0,1.0,1.0,0.02,113.04931640625,2.3592239273284576e-16,-144.95080666984632,,,,,,
fidelity,44100,0.0,0.5,0.5,0.05,446.81396484375,1.249000902703301e-16,-121.78599638042158,,,,,,
fidelity,44100,0.0,0.0,0.0,0.05,446.81396484375,9.020562075079397e-17,-121.78521737533853,,,,,,
fidelity,44100,0.0,0.0,1.0,0.05,446.81396484375,1.6653345369377348e-16,-121.78521721790676,,,,,,
fidelity,44100,0.0,1.0,0.0,0.05,446.81396484375,9.020562075079397e-17,-121.78708935575094,,,,,,
fidelity,44100,0.0,1.0,1.0,0.05,446.81396484375,1.8041124150158794e-16,-121.78708875115815,,,,,,
fidelity,44100,0.0,0.5,0.5,0.2,446.81396484375,4.996003610813204e-16,-121.82562567730571,,,,,,
fidelity,44100,0.0,0.0,0.0,0.2,446.81396484375,3.3306690738754696e-16,-121.81367536426242,,,,,,
fidelity,44100,0.0,0.0,1.0,0.2,446.81396484375,6.938893903907228e-16,-121.81363647750679,,,,,,
fidelity,44100,0.0,1.0,0.0,0.2,446.81396484375,4.163336342344337e-16,-121.84220595721965,,,,,,
fidelity,44100,0.0,1.0,1.0,0.2,446.81396484375,8.604228440844963e-16,-121.84205857427146,,,,,,
fidelity,44100,0.0,0.5,0.5,0.5,113.04931640625,9.992007221626409e-16,-145.1751987850057,,,,,,
fidelity,44100,0.0,0.0,0.0,0.5,113.04931640625,5.551115123125783e-16,-145.03125111373473,,,,,,
fidelity,44100,0.0,0.0,1.0,0.5,113.04931640625,1.4432899320127035e-15,-145.03118158337492,,,,,,
fidelity,44100,0.0,1.0,0.0,0.5,113.04931640625,2.55351295663786e-15,-145.46159847415328,,,,,,
fidelity,44100,0.0,1.0,1.0,0.5,113.04931640625,3.774758283725532e-15,-145.457199729981,,,,,,
fidelity,44100,0.0,0.5,0.5,0.5,1006.67724609375,1.2212453270876722e-15,-111.15474038770161,,,,,,
fidelity,44100,0.0,0.0,0.0,0.5,1006.67724609375,8.326672684688674e-16,-111.1375681160451,,,,,,
fidelity,44100,0.0,0.0,1.0,0.5,1006.67724609375,1.609823385706477e-15,-111.13704971333038,,,,,,
fidelity,44100,0.0,1.0,0.0,0.5,1006.67724609375,9.992007221626409e-16,-111.17351233287388,,,,,,
fidelity,44100,0.0,1.0,1.0,0.5,1006.67724609375,1.9984014443252818e-15,-111.1728260240652,,,,,,
fidelity,44100,0.0,0.5,0.5,0.5,2007.97119140625,9.43689570931383e-16,-114.51547863460702,,,,,,
fidelity,44100,0.0,0.0,0.0,0.5,2007.97119140625,6.661338147750939e-16,-114.51115017199926,,,,,,
fidelity,44100,0.0,0.0,1.0,0.5,2007.97119140625,1.5543122344752192e-15,-114.51018884180824,,,,,,
fidelity,44100,0.0,1.0,0.0,0.5,2007.97119140625,7.216449660063518e-16,-114.52057703969685,,,,,,
fidelity,44100,0.0,1.0,1.0,0.5,2007.97119140625,1.9984014443252818e-15,-114.51953975773856,,,,,,
fidelity,44100,0.0,0.5,0.5,0.5,3999.79248046875,9.43689570931383e-16,-109.74726038223466,,,,,,
fidelity,44100,0.0,0.0,0.0,0.5,3999.79248046875,6.106226635438361e-16,-109.74610330414538,,,,,,
fidelity,44100,0.0,0.0,1.0,0.5,3999.79248046875,1.6653345369377348e-15,-109.74610330411467,,,,,,
fidelity,44100,0.0,1.0,0.0,0.5,3999.79248046875,7.216449660063518e-16,-109.74842238342177,,,,,,
fidelity,44100,0.0,1.0,1.0,0.5,3999.79248046875,2.220446049250313e-15,-109.74842238342893,,,,,,
fidelity,44100,0.0,0.5,0.5,0.05,6002.38037109375,1.1796119636642288e-16,-120.18717346813659,,,,,,
fidelity,44100,0.0,0.0,0.0,0.05,6002.38037109375,7.28583859910259e-17,-120.18716730796044,,,,,,
fidelity,44100,0.0,0.0,1.0,0.05,6002.38037109375,2.220446049250313e-16,-120.18716731016423,,,,,,
fidelity,44100,0.0,1.0,0.0,0.05,6002.38037109375,8.326672684688674e-17,-120.18717964052207,,,,,,
fidelity,44100,0.0,1.0,1.0,0.05,6002.38037109375,2.0816681711721685e-16,-120.187179642247,,,,,,
fidelity,44100,0.0,0.5,0.5,0.05,8004.96826171875,1.1102230246251565e-16,-131.16588039211976,,,,,,
fidelity,44100,0.0,0.0,0.0,0.05,8004.96826171875,6.245004513516506e-17,-131.16587727874622,,,,,,
fidelity,44100,0.0,0.0,1.0,0.05,8004.96826171875,2.0816681711721685e-16,-131.16587728016285,,,,,,
fidelity,44100,0.0,1.0,0.0,0.05,8004.96826171875,7.979727989493313e-17,-131.16588351906327,,,,,,
fidelity,44100,0.0,1.0,1.0,0.05,8004.96826171875,2.498001805406602e-16,-131.16588351661352,,,,,,
fidelity,44100,0.5,0.5,0.5,0.02,113.04931640625,1.249000902703301e-16,-144.95629646920793,,,,,,
fidelity,44100,0.5,0.0,0.0,0.02,113.04931640625,5.204170427930421e-17,-144.95165789077112,,,,,,
fidelity,44100,0.5,0.0,1.0,0.02,113.04931640625,1.0408340855860843e-16,-144.95165781900337,,,,,,
fidelity,44100,0.5,1.0,0.0,0.02,113.04931640625,3.191891195797325e-16,-144.97055883954255,,,,,,
fidelity,44100,0.5,1.0,1.0,0.02,113.04931640625,4.579669976578771e-16,-144.97055439479146,,,,,,
fidelity,44100,0.5,0.5,0.5,0.05,446.81396484375,2.7755575615628914e-16,-121.8252358324711,,,,,,
fidelity,44100,0.5,0.0,0.0,0.05,446.81396484375,2.0816681711721685e-16,-121.81339339485865,,,,,,
fidelity,44100,0.5,0.0,1.0,0.05,446.81396484375,3.885780586188048e-16,-121.81335523119218,,,,,,
fidelity,44100,0.5,1.0,0.0,0.05,446.81396484375,3.0531133177191805e-16,-121.84166819374016,,,,,,
fidelity,44100,0.5,1.0,1.0,0.05,446.81396484375,6.938893903907228e-16,-121.84152351188445,,,,,,
fidelity,44100,0.5,0.5,0.5,0.2,446.81396484375,9.992007221626409e-16,-122.27695059919378,,,,,,
fidelity,44100,0.5,0.0,0.0,0.2,446.81396484375,6.661338147750939e-16,-122.16828559493925,,,,,,
fidelity,44100,0.5,0.0,1.0,0.2,446.81396484375,1.8318679906315083e-15,-122.16134009426074,,,,,,
fidelity,44100,0.5,1.0,0.0,0.2,446.81396484375,8.881784197001252e-16,-122.41653351292604,,,,,,
fidelity,44100,0.5,1.0,1.0,0.2,446.81396484375,2.275957200481571e-15,-122.39614621998211,,,,,,
fidelity,44100,0.5,0.5,0.5,0.5,113.04931640625,1.5543122344752192e-15,-145.645620755343,,,,,,
fidelity,44100,0.5,0.0,0.0,0.5,113.04931640625,1.2212453270876722e-15,-145.60128141190125,,,,,,
fidelity,44100,0.5,0.0,1.0,0.5,113.04931640625,2.886579864025407e-15,-145.59163341403297,,,,,,
fidelity,44100,0.5,1.0,0.0,0.5,113.04931640625,3.552713678800501e-15,-144.834509135595,,,,,,
fidelity,44100,0.5,1.0,1.0,0.5,113.04931640625,6.439293542825908e-15,-144.6428477846457,,,,,,
fidelity,44100,0.5,0.5,0.5,0.5,1006.67724609375,1.7763568394002505e-15,-112.4516784050943,,,,,,
fidelity,44100,0.5,0.0,0.0,0.5,1006.67724609375,1.3322676295501878e-15,-112.3973390684763,,,,,,
fidelity,44100,0.5,0.0,1.0,0.5,1006.67724609375,2.886579864025407e-15,-112.39057383794008,,,,,,
fidelity,44100,0.5,1.0,0.0,0.5,1006.67724609375,1.4432899320127035e-15,-112.51034086380818,,,,,,
fidelity,44100,0.5,1.0,1.0,0.5,1006.67724609375,4.107825191113079e-15,-112.50419854781249,,,,,,
fidelity,44100,0.5,0.5,0.5,0.5,2007.97119140625,1.9984014443252818e-15,-115.8012290204207,,,,,,
fidelity,44100,0.5,0.0,0.0,0.5,2007.97119140625,9.992007221626409e-16,-115.79380216814835,,,,,,
fidelity,44100,0.5,0.0,1.0,0.5,2007.97119140625,2.6645352591003757e-15,-115.7729250014275,,,,,,
fidelity,44100,0.5,1.0,0.0,0.5,2007.97119140625,1.1102230246251565e-15,-115.82325442275034,,,,,,
fidelity,44100,0.5,1.0,1.0,0.5,2007.97119140625,3.1086244689504383e-15,-115.80207502441334,,,,,,
fidelity,44100,0.5,0.5,0.5,0.5,3999.79248046875,1.887379141862766e-15,-111.04771324910132,,,,,,
fidelity,44100,0.5,0.0,0.0,0.5,3999.79248046875,1.1102230246251565e-15,-111.04408718819559,,,,,,
fidelity,44100,0.5,0.0,1.0,0.5,3999.79248046875,3.3306690738754696e-15,-111.04408646555402,,,,,,
fidelity,44100,0.5,1.0,0.0,0.5,3999.79248046875,1.2212453270876722e-15,-111.05134021917223,,,,,,
fidelity,44100,0.5,1.0,1.0,0.5,3999.79248046875,3.552713678800501e-15,-111.05133947953294,,,,,,
fidelity,44100,0.5,0.5,0.5,0.05,6002.38037109375,2.498001805406602e-16,-120.22655018872193,,,,,,
fidelity,44100,0.5,0.0,0.0,0.05,6002.38037109375,1.6653345369377348e-16,-120.22645648378108,,,,,,
fidelity,44100,0.5,0.0,1.0,0.05,6002.38037109375,4.718447854656915e-16,-120.22645648648779,,,,,,
fidelity,44100,0.5,1.0,0.0,0.05,6002.38037109375,1.6653345369377348e-16,-120.22664409487155,,,,,,
fidelity,44100,0.5,1.0,1.0,0.05,6002.38037109375,5.273559366969494e-16,-120.22664409467521,,,,,,
fidelity,44100,0.5,0.5,0.5,0.05,8004.96826171875,2.220446049250313e-16,-131.20524532681907,,,,,,
fidelity,44100,0.5,0.0,0.0,0.05,8004.96826171875,1.5265566588595902e-16,-131.2051979515987,,,,,,
fidelity,44100,0.5,0.0,1.0,0.05,8004.96826171875,4.440892098500626e-16,-131.20519796389036,,,,,,
fidelity,44100,0.5,1.0,0.0,0.05,8004.96826171875,1.734723475976807e-16,-131.2052927482627,,,,,,
fidelity,44100,0.5,1.0,1.0,0.05,8004.96826171875,4.996003610813204e-16,-131.2052927588315,,,,,,
fidelity,44100,1.0,0.5,0.5,0.02,113.04931640625,2.0816681711721685e-16,-145.0503541280861,,,,,,
fidelity,44100,1.0,0.0,0.0,0.02,113.04931640625,1.249000902703301e-16,-144.9835440029892,,,,,,
fidelity,44100,1.0,0.0,1.0,0.02,113.04931640625,2.914335439641036e-16,-144.98353237019404,,,,,,
fidelity,44100,1.0,1.0,0.0,0.02,113.04931640625,6.661338147750939e-16,-145.22097049159223,,,,,,
fidelity,44100,1.0,1.0,1.0,0.02,113.04931640625,1.0547118733938987e-15,-145.22006502336438,,,,,,
fidelity,44100,1.0,0.5,0.5,0.05,446.81396484375,7.216449660063518e-16,-122.27356158118982,,,,,,
fidelity,44100,1.0,0.0,0.0,0.05,446.81396484375,4.163336342344337e-16,-122.16540341106193,,,,,,
fidelity,44100,1.0,0.0,1.0,0.05,446.81396484375,8.881784197001252e-16,-122.15856775590508,,,,,,
fidelity,44100,1.0,1.0,0.0,0.05,446.81396484375,6.106226635438361e-16,-122.4125183231597,,,,,,
fidelity,44100,1.0,1.0,1.0,0.05,446.81396484375,1.2212453270876722e-15,-122.39241625591683,,,,,,
fidelity,44100,1.0,0.5,0.5,0.2,446.81396484375,1.7763568394002505e-15,-123.43903861931574,,,,,,
fidelity,44100,1.0,0.0,0.0,0.2,446.81396484375,1.1102230246251565e-15,-123.41589062151053,,,,,,
fidelity,44100,1.0,0.0,1.0,0.2,446.81396484375,2.9976021664879227e-15,-123.21208738932586,,,,,,
fidelity,44100,1.0,1.0,0.0,0.2,446.81396484375,1.2212453270876722e-15,-123.66994220363468,,,,,,
fidelity,44100,1.0,1.0,1.0,0.2,446.81396484375,2.7755575615628914e-15,-123.35651913780922,,,,,,
fidelity,44100,1.0,0.5,0.5,0.5,113.04931640625,2.6645352591003757e-15,-141.74307271558462,,,,,,
fidelity,44100,1.0,0.0,0.0,0.5,113.04931640625,1.5543122344752192e-15,-144.13468457737184,,,,,,
fidelity,44100,1.0,0.0,1.0,0.5,113.04931640625,2.7755575615628914e-15,-143.83324648725778,,,,,,
fidelity,44100,1.0,1.0,0.0,0.5,113.04931640625,6.175615574477433e-15,-139.92977783000958,,,,,,
fidelity,44100,1.0,1.0,1.0,0.5,113.04931640625,7.854827899222983e-15,-138.95857866441878,,,,,,
fidelity,44100,1.0,0.5,0.5,0.5,1006.67724609375,3.1086244689504383e-15,-114.10573716110645,,,,,,
fidelity,44100,1.0,0.0,0.0,0.5,1006.67724609375,1.9984014443252818e-15,-114.03924643099364,,,,,,
fidelity,44100,1.0,0.0,1.0,0.5,1006.67724609375,4.218847493575595e-15,-114.10443302010643,,,,,,
fidelity,44100,1.0,1.0,0.0,0.5,1006.67724609375,2.275957200481571e-15,-114.11773991161263,,,,,,
fidelity,44100,1.0,1.0,1.0,0.5,1006.67724609375,5.551115123125783e-15,-114.19131502066367,,,,,,
fidelity,44100,1.0,0.5,0.5,0.5,2007.97119140625,2.886579864025407e-15,-117.40647699478836,,,,,,
fidelity,44100,1.0,0.0,0.0,0.5,2007.97119140625,1.7763568394002505e-15,-117.39591485427943,,,,,,
fidelity,44100,1.0,0.0,1.0,0.5,2007.97119140625,4.884981308350689e-15,-117.40472892622321,,,,,,
fidelity,44100,1.0,1.0,0.0,0.5,2007.97119140625,1.6653345369377348e-15,-117.4115494685282,,,,,,
fidelity,44100,1.0,1.0,1.0,0.5,2007.97119140625,5.329070518200751e-15,-117.41363113879336,,,,,,
fidelity,44100,1.0,0.5,0.5,0.5,3999.79248046875,2.886579864025407e-15,-91.18166031132984,,,,,,
fidelity,44100,1.0,0.0,0.0,0.5,3999.79248046875,1.4432899320127035e-15,-91.36218912801954,,,,,,
fidelity,44100,1.0,0.0,1.0,0.5,3999.79248046875,4.884981308350689e-15,-91.25096708207595,,,,,,
fidelity,44100,1.0,1.0,0.0,0.5,3999.79248046875,1.7763568394002505e-15,-91.09888463491602,,,,,,
fidelity,44100,1.0,1.0,1.0,0.5,3999.79248046875,5.10702591327572e-15,-90.98824655514838,,,,,,
fidelity,44100,1.0,0.5,0.5,0.05,6002.38037109375,8.326672684688674e-16,-120.69656740473734,,,,,,
fidelity,44100,1.0,0.0,0.0,0.05,6002.38037109375,4.440892098500626e-16,-120.69567656753503,,,,,,
fidelity,44100,1.0,0.0,1.0,0.05,6002.38037109375,1.4988010832439613e-15,-120.6956769326045,,,,,,
fidelity,44100,1.0,1.0,0.0,0.05,6002.38037109375,4.718447854656915e-16,-120.69745888668632,,,,,,
fidelity,44100,1.0,1.0,1.0,0.05,6002.38037109375,1.2212453270876722e-15,-120.6974592591865,,,,,,
fidelity,44100,1.0,0.5,0.5,0.05,8004.96826171875,7.216449660063518e-16,-131.6748291748738,,,,,,
fidelity,44100,1.0,0.0,0.0,0.05,8004.96826171875,3.885780586188048e-16,-131.6742830687658,,,,,,
fidelity,44100,1.0,0.0,1.0,0.05,8004.96826171875,1.3322676295501878e-15,-131.67445397061388,,,,,,
fidelity,44100,1.0,1.0,0.0,0.05,8004.96826171875,5.273559366969494e-16,-131.6751810794968,,,,,,
fidelity,44100,1.0,1.0,1.0,0.05,8004.96826171875,1.6653345369377348e-15,-131.67535306429835,,,,,,
fidelity,48000,0.0,0.5,0.5,0.02,111.328125,4.5102810375396984e-17,-146.68040798025834,,,,,,
fidelity,48000,0.0,0.0,0.0,0.02,111.328125,3.469446951953614e-17,-146.68011304196807,,,,,,
fidelity,48000,0.0,0.0,1.0,0.02,111.328125,5.898059818321144e-17,-146.68011294422408,,,,,,
fidelity,48000,0.0,1.0,0.0,0.02,111.328125,7.28583859910259e-17,-146.68133320229,,,,,,
fidelity,48000,0.0,1.0,1.0,0.02,111.328125,1.5265566588595902e-16,-146.68133303655958,,,,,,
fidelity,48000,0.0,0.5,0.5,0.05,439.453125,1.249000902703301e-16,-123.40643093805218,,,,,,
fidelity,48000,0.0,0.0,0.0,0.05,439.453125,9.020562075079397e-17,-123.4056359686665,,,,,,
fidelity,48000,0.0,0.0,1.0,0.05,439.453125,1.942890293094024e-16,-123.40563578358754,,,,,,
fidelity,48000,0.0,1.0,0.0,0.05,439.453125,7.632783294297951e-17,-123.40755566061574,,,,,,
fidelity,48000,0.0,1.0,1.0,0.05,439.453125,2.0816681711721685e-16,-123.40755492504337,,,,,,
fidelity,48000,0.0,0.5,0.5,0.2,439.453125,5.273559366969494e-16,-123.44602925766608,,,,,,
fidelity,48000,0.0,0.0,0.0,0.2,439.453125,4.440892098500626e-16,-123.43384903703998,,,,,,
fidelity,48000,0.0,0.0,1.0,0.2,439.453125,8.049116928532385e-16,-123.43380346877561,,,,,,
fidelity,48000,0.0,1.0,0.0,0.2,439.453125,3.608224830031759e-16,-123.46306971056096,,,,,,
fidelity,48000,0.0,1.0,1.0,0.2,439.453125,8.326672684688674e-16,-123.46289110233187,,,,,,
fidelity,48000,0.0,0.5,0.5,0.5,111.328125,1.0547118733938987e-15,-146.90548710426955,,,,,,
fidelity,48000,0.0,0.0,0.0,0.5,111.328125,1.0547118733938987e-15,-146.76126852649364,,,,,,
fidelity,48000,0.0,0.0,1.0,0.5,111.328125,1.5543122344752192e-15,-146.76120064260664,,,,,,
fidelity,48000,0.0,1.0,0.0,0.5,111.328125,1.5543122344752192e-15,-147.1924419740135,,,,,,
fidelity,48000,0.0,1.0,1.0,0.5,111.328125,2.886579864025407e-15,-147.1880514618017,,,,,,
fidelity,48000,0.0,0.5,0.5,0.5,1001.953125,8.881784197001252e-16,-112.02587708780838,,,,,,
fidelity,48000,0.0,0.0,0.0,0.5,1001.953125,6.661338147750939e-16,-112.00851552968575,,,,,,
fidelity,48000,0.0,0.0,1.0,0.5,1001.953125,1.6653345369377348e-15,-112.0080687554217,,,,,,
fidelity,48000,0.0,1.0,0.0,0.5,1001.953125,9.992007221626409e-16,-112.044803687011,,,,,,
fidelity,48000,0.0,1.0,1.0,0.5,1001.953125,1.9984014443252818e-15,-112.04421261657288,,,,,,
fidelity,48000,0.0,0.5,0.5,0.5,1998.046875,8.881784197001252e-16,-112.05626107291025,,,,,,
fidelity,48000,0.0,0.0,0.0,0.5,1998.046875,6.661338147750939e-16,-112.05171052181902,,,,,,
fidelity,48000,0.0,0.0,1.0,0.5,1998.046875,1.5543122344752192e-15,-112.05119448775429,,,,,,
fidelity,48000,0.0,1.0,0.0,0.5,1998.046875,7.771561172376096e-16,-112.0612646680907,,,,,,
fidelity,48000,0.0,1.0,1.0,0.5,1998.046875,1.7763568394002505e-15,-112.06070922431572,,,,,,
fidelity,48000,0.0,0.5,0.5,0.5,4001.953125,8.326672684688674e-16,-111.99309728335321,,,,,,
fidelity,48000,0.0,0.0,0.0,0.5,4001.953125,6.106226635438361e-16,-111.99193145699425,,,,,,
fidelity,48000,0.0,0.0,1.0,0.5,4001.953125,1.4432899320127035e-15,-111.99193145683876,,,,,,
fidelity,48000,0.0,1.0,0.0,0.5,4001.953125,7.216449660063518e-16,-111.99426810865012,,,,,,
fidelity,48000,0.0,1.0,1.0,0.5,4001.953125,1.7763568394002505e-15,-111.99426810896341,,,,,,
fidelity,48000,0.0,0.5,0.5,0.05,6005.859375,1.0408340855860843e-16,-170.475815593508,,,,,,
fidelity,48000,0.0,0.0,0.0,0.05,6005.859375,7.28583859910259e-17,-170.47580944495417,,,,,,
fidelity,48000,0.0,0.0,1.0,0.05,6005.859375,1.8041124150158794e-16,-170.47580935521893,,,,,,
fidelity,48000,0.0,1.0,0.0,0.05,6005.859375,8.326672684688674e-17,-170.47582284105084,,,,,,
fidelity,48000,0.0,1.0,1.0,0.05,6005.859375,2.0816681711721685e-16,-170.4758224970604,,,,,,
fidelity,48000,0.0,0.5,0.5,0.05,7998.046875,1.1102230246251565e-16,-111.8734129266599,,,,,,
fidelity,48000,0.0,0.0,0.0,0.05,7998.046875,8.326672684688674e-17,-111.8734096808649,,,,,,
fidelity,48000,0.0,0.0,1.0,0.05,7998.046875,2.498001805406602e-16,-111.87340968117395,,,,,,
fidelity,48000,0.0,1.0,0.0,0.05,7998.046875,7.28583859910259e-17,-111.87341617590542,,,,,,
fidelity,48000,0.0,1.0,1.0,0.05,7998.046875,2.220446049250313e-16,-111.87341617620932,,,,,,
fidelity,48000,0.5,0.5,0.5,0.02,111.328125,1.3183898417423734e-16,-146.686812698628,,,,,,
fidelity,48000,0.5,0.0,0.0,0.02,111.328125,8.326672684688674e-17,-146.68216274753826,,,,,,
fidelity,48000,0.5,0.0,1.0,0.02,111.328125,1.3530843112619095e-16,-146.68216260608028,,,,,,
fidelity,48000,0.5,1.0,0.0,0.02,111.328125,1.8041124150158794e-16,-146.70119471492023,,,,,,
fidelity,48000,0.5,1.0,1.0,0.02,111.328125,3.469446951953614e-16,-146.7011901767408,,,,,,
fidelity,48000,0.5,0.5,0.5,0.05,439.453125,3.191891195797325e-16,-123.44563998089399,,,,,,
fidelity,48000,0.5,0.0,0.0,0.05,439.453125,2.0816681711721685e-16,-123.43356956479181,,,,,,
fidelity,48000,0.5,0.0,1.0,0.05,439.453125,4.718447854656915e-16,-123.4335248418804,,,,,,
fidelity,48000,0.5,1.0,0.0,0.05,439.453125,2.7755575615628914e-16,-123.46252861946161,,,,,,
fidelity,48000,0.5,1.0,1.0,0.05,439.453125,6.661338147750939e-16,-123.46235328917635,,,,,,
fidelity,48000,0.5,0.5,0.5,0.2,439.453125,1.0547118733938987e-15,-123.8921547742892,,,,,,
fidelity,48000,0.5,0.0,0.0,0.2,439.453125,8.881784197001252e-16,-123.78389086734451,,,,,,
fidelity,48000,0.5,0.0,1.0,0.2,439.453125,1.7763568394002505e-15,-123.77564704447394,,,,,,
fidelity,48000,0.5,1.0,0.0,0.2,439.453125,1.2212453270876722e-15,-124.03333044391752,,,,,,
fidelity,48000,0.5,1.0,1.0,0.2,439.453125,2.7755575615628914e-15,-124.00828178381207,,,,,,
fidelity,48000,0.5,0.5,0.5,0.5,111.328125,1.6653345369377348e-15,-147.3596359510433,,,,,,
fidelity,48000,0.5,0.0,0.0,0.5,111.328125,1.7763568394002505e-15,-147.32719429164555,,,,,,
fidelity,48000,0.5,0.0,1.0,0.5,111.328125,2.6645352591003757e-15,-147.31772613538388,,,,,,
fidelity,48000,0.5,1.0,0.0,0.5,111.328125,2.1371793224034263e-15,-146.48873300766755,,,,,,
fidelity,48000,0.5,1.0,1.0,0.5,111.328125,5.329070518200751e-15,-146.2892361149199,,,,,,
fidelity,48000,0.5,0.5,0.5,0.5,1001.953125,1.887379141862766e-15,-113.32454143421032,,,,,,
fidelity,48000,0.5,0.0,0.0,0.5,1001.953125,1.2212453270876722e-15,-113.26893620426206,,,,,,
fidelity,48000,0.5,0.0,1.0,0.5,1001.953125,2.7755575615628914e-15,-113.2638171292626,,,,,,
fidelity,48000,0.5,1.0,0.0,0.5,1001.953125,1.5543122344752192e-15,-113.38308725501484,,,,,,
fidelity,48000,0.5,1.0,1.0,0.5,1001.953125,3.6637359812630166e-15,-113.37851041179702,,,,,,
fidelity,48000,0.5,0.5,0.5,0.5,1998.046875,1.6653345369377348e-15,-113.35514604174207,,,,,,
fidelity,48000,0.5,0.0,0.0,0.5,1998.046875,1.3322676295501878e-15,-113.34120246778598,,,,,,
fidelity,48000,0.5,0.0,1.0,0.5,1998.046875,3.1086244689504383e-15,-113.3376001989981,,,,,,
fidelity,48000,0.5,1.0,0.0,0.5,1998.046875,1.2212453270876722e-15,-113.37127084345451,,,,,,
fidelity,48000,0.5,1.0,1.0,0.5,1998.046875,3.1086244689504383e-15,-113.36795169015717,,,,,,
fidelity,48000,0.5,0.5,0.5,0.5,4001.953125,1.887379141862766e-15,-113.29355858005691,,,,,,
fidelity,48000,0.5,0.0,0.0,0.5,4001.953125,1.1102230246251565e-15,-113.2899048830857,,,,,,
fidelity,48000,0.5,0.0,1.0,0.5,4001.953125,2.886579864025407e-15,-113.28990488454407,,,,,,
fidelity,48000,0.5,1.0,0.0,0.5,4001.953125,1.1102230246251565e-15,-113.29721294909265,,,,,,
fidelity,48000,0.5,1.0,1.0,0.5,4001.953125,3.1086244689504383e-15,-113.29721295041308,,,,,,
fidelity,48000,0.5,0.5,0.5,0.05,6005.859375,2.3592239273284576e-16,-170.51608430670865,,,,,,
fidelity,48000,0.5,0.0,0.0,0.05,6005.859375,1.3877787807814457e-16,-170.51598677900648,,,,,,
fidelity,48000,0.5,0.0,1.0,0.05,6005.859375,4.440892098500626e-16,-170.51598683515653,,,,,,
fidelity,48000,0.5,1.0,0.0,0.05,6005.859375,1.5265566588595902e-16,-170.51618248170232,,,,,,
fidelity,48000,0.5,1.0,1.0,0.05,6005.859375,4.718447854656915e-16,-170.51618250763752,,,,,,
fidelity,48000,0.5,0.5,0.5,0.05,7998.046875,2.498001805406602e-16,-111.91278931964621,,,,,,
fidelity,48000,0.5,0.0,0.0,0.05,7998.046875,1.5959455978986625e-16,-111.9127399438557,,,,,,
fidelity,48000,0.5,0.0,1.0,0.05,7998.046875,4.440892098500626e-16,-111.91273994418864,,,,,,
fidelity,48000,0.5,1.0,0.0,0.05,7998.046875,1.942890293094024e-16,-111.91283875111975,,,,,,
fidelity,48000,0.5,1.0,1.0,0.05,7998.046875,5.551115123125783e-16,-111.91283875102896,,,,,,
fidelity,48000,1.0,0.5,0.5,0.02,111.328125,2.498001805406602e-16,-146.78081398142228,,,,,,
fidelity,48000,1.0,0.0,0.0,0.02,111.328125,2.0816681711721685e-16,-146.7138514246542,,,,,,
fidelity,48000,1.0,0.0,1.0,0.02,111.328125,3.7470027081099033e-16,-146.7138399470246,,,,,,
fidelity,48000,1.0,1.0,0.0,0.02,111.328125,4.440892098500626e-16,-146.9524436598744,,,,,,
fidelity,48000,1.0,1.0,1.0,0.02,111.328125,7.771561172376096e-16,-146.95154060841827,,,,,,
fidelity,48000,1.0,0.5,0.5,0.05,439.453125,6.661338147750939e-16,-123.88884695869932,,,,,,
fidelity,48000,1.0,0.0,0.0,0.05,439.453125,4.996003610813204e-16,-123.78106027808514,,,,,,
fidelity,48000,1.0,0.0,1.0,0.05,439.453125,1.0269562977782698e-15,-123.77294770922848,,,,,,
fidelity,48000,1.0,1.0,0.0,0.05,439.453125,6.106226635438361e-16,-124.02940783422936,,,,,,
fidelity,48000,1.0,1.0,1.0,0.05,439.453125,1.4432899320127035e-15,-124.00471224584837,,,,,,
fidelity,48000,1.0,0.5,0.5,0.2,439.453125,2.1094237467877974e-15,-124.91700606955987,,,,,,
fidelity,48000,1.0,0.0,0.0,0.2,439.453125,1.3322676295501878e-15,-124.9469405840496,,,,,,
fidelity,48000,1.0,0.0,1.0,0.2,439.453125,3.552713678800501e-15,-124.69272143690516,,,,,,
fidelity,48000,1.0,1.0,0.0,0.2,439.453125,1.1102230246251565e-15,-125.15015000784857,,,,,,
fidelity,48000,1.0,1.0,1.0,0.2,439.453125,2.6645352591003757e-15,-124.75259131174721,,,,,,
fidelity,48000,1.0,0.5,0.5,0.5,111.328125,3.552713678800501e-15,-143.18344925759942,,,,,,
fidelity,48000,1.0,0.0,0.0,0.5,111.328125,1.5543122344752192e-15,-145.76290916008705,,,,,,
fidelity,48000,1.0,0.0,1.0,0.5,111.328125,2.914335439641036e-15,-145.44766273388183,,,,,,
fidelity,48000,1.0,1.0,0.0,0.5,111.328125,4.496403249731884e-15,-141.2062143152721,,,,,,
fidelity,48000,1.0,1.0,1.0,0.5,111.328125,6.161737786669619e-15,-140.1233838983833,,,,,,
fidelity,48000,1.0,0.5,0.5,0.5,1001.953125,3.1086244689504383e-15,-114.97148566178129,,,,,,
fidelity,48000,1.0,0.0,0.0,0.5,1001.953125,1.7208456881689926e-15,-114.90921762880602,,,,,,
fidelity,48000,1.0,0.0,1.0,0.5,1001.953125,4.218847493575595e-15,-114.95817078073328,,,,,,
fidelity,48000,1.0,1.0,0.0,0.5,1001.953125,2.55351295663786e-15,-114.98810674607269,,,,,,
fidelity,48000,1.0,1.0,1.0,0.5,1001.953125,5.440092820663267e-15,-115.043703984211,,,,,,
fidelity,48000,1.0,0.5,0.5,0.5,1998.046875,2.6645352591003757e-15,-115.00737339848071,,,,,,
fidelity,48000,1.0,0.0,0.0,0.5,1998.046875,1.7763568394002505e-15,-114.96877255384653,,,,,,
fidelity,48000,1.0,0.0,1.0,0.5,1998.046875,5.773159728050814e-15,-115.04552053605894,,,,,,
fidelity,48000,1.0,1.0,0.0,0.5,1998.046875,1.6653345369377348e-15,-114.98934857580785,,,,,,
fidelity,48000,1.0,1.0,1.0,0.5,1998.046875,4.6629367034256575e-15,-115.06800638515337,,,,,,
fidelity,48000,1.0,0.5,0.5,0.5,4001.953125,2.6645352591003757e-15,-96.64819662492975,,,,,,
fidelity,48000,1.0,0.0,0.0,0.5,4001.953125,1.7763568394002505e-15,-96.77287234315293,,,,,,
fidelity,48000,1.0,0.0,1.0,0.5,4001.953125,4.884981308350689e-15,-96.80983149240573,,,,,,
fidelity,48000,1.0,1.0,0.0,0.5,4001.953125,1.6653345369377348e-15,-96.48622648463513,,,,,,
fidelity,48000,1.0,1.0,1.0,0.5,4001.953125,4.6629367034256575e-15,-96.5230796949591,,,,,,
fidelity,48000,1.0,0.5,0.5,0.05,6005.859375,7.216449660063518e-16,-170.84934099993146,,,,,,
fidelity,48000,1.0,0.0,0.0,0.05,6005.859375,4.163336342344337e-16,-170.8495318017785,,,,,,
fidelity,48000,1.0,0.0,1.0,0.05,6005.859375,1.4432899320127035e-15,-170.85034339523432,,,,,,
fidelity,48000,1.0,1.0,0.0,0.05,6005.859375,4.163336342344337e-16,-170.84831662222993,,,,,,
fidelity,48000,1.0,1.0,1.0,0.05,6005.859375,1.1102230246251565e-15,-170.8491448670572,,,,,,
fidelity,48000,1.0,0.5,0.5,0.05,7998.046875,8.326672684688674e-16,-112.38279586851768,,,,,,
fidelity,48000,1.0,0.0,0.0,0.05,7998.046875,4.718447854656915e-16,-112.38232670781223,,,,,,
fidelity,48000,1.0,0.0,1.0,0.05,7998.046875,1.4432899320127035e-15,-112.38232670244696,,,,,,
fidelity,48000,1.0,1.0,0.0,0.05,7998.046875,4.718447854656915e-16,-112.38326534471163,,,,,,
fidelity,48000,1.0,1.0,1.0,0.05,7998.046875,1.5543122344752192e-15,-112.38326533945468,,,,,,
fidelity,88200,0.0,0.5,0.5,0.02,118.4326171875,4.85722573273506e-17,-156.15558543530943,,,,,,
fidelity,88200,0.0,0.0,0.0,0.02,118.4326171875,3.122502256758253e-17,-156.15529521676424,,,,,,
fidelity,88200,0.0,0.0,1.0,0.02,118.4326171875,5.724587470723463e-17,-156.1552952656157,,,,,,
fidelity,88200,0.0,1.0,0.0,0.02,118.4326171875,1.3183898417423734e-16,-156.1564752654511,,,,,,
fidelity,88200,0.0,1.0,1.0,0.02,118.4326171875,2.5673907444456745e-16,-156.1564754376734,,,,,,
fidelity,88200,0.0,0.5,0.5,0.05,441.4306640625,1.249000902703301e-16,-133.46326216318272,,,,,,
fidelity,88200,0.0,0.0,0.0,0.05,441.4306640625,8.326672684688674e-17,-133.46247198137814,,,,,,
fidelity,88200,0.0,0.0,1.0,0.05,441.4306640625,1.942890293094024e-16,-133.4624715909607,,,,,,
fidelity,88200,0.0,1.0,0.0,0.05,441.4306640625,1.6653345369377348e-16,-133.46437795933807,,,,,,
fidelity,88200,0.0,1.0,1.0,0.05,441.4306640625,2.3592239273284576e-16,-133.46437654879472,,,,,,
fidelity,88200,0.0,0.5,0.5,0.2,441.4306640625,4.718447854656915e-16,-133.50270641922637,,,,,,
fidelity,88200,0.0,0.0,0.0,0.2,441.4306640625,3.191891195797325e-16,-133.4906835880218,,,,,,
fidelity,88200,0.0,0.0,1.0,0.2,441.4306640625,8.326672684688674e-16,-133.49059742519563,,,,,,
fidelity,88200,0.0,1.0,0.0,0.2,441.4306640625,6.522560269672795e-16,-133.51954395829114,,,,,,
fidelity,88200,0.0,1.0,1.0,0.2,441.4306640625,8.881784197001252e-16,-133.51920852963235,,,,,,
fidelity,88200,0.0,0.5,0.5,0.5,118.4326171875,1.0547118733938987e-15,-156.3794421766733,,,,,,
fidelity,88200,0.0,0.0,0.0,0.5,118.4326171875,6.106226635438361e-16,-156.23804792840295,,,,,,
fidelity,88200,0.0,0.0,1.0,0.5,118.4326171875,1.5543122344752192e-15,-156.23796377798107,,,,,,
fidelity,88200,0.0,1.0,0.0,0.5,118.4326171875,2.55351295663786e-15,-156.65536065849935,,,,,,
fidelity,88200,0.0,1.0,1.0,0.5,118.4326171875,3.885780586188048e-15,-156.6503301433441,,,,,,
fidelity,88200,0.0,0.5,0.5,0.5,1001.2939453125,9.992007221626409e-16,-120.2385406214099,,,,,,
fidelity,88200,0.0,0.0,0.0,0.5,1001.2939453125,7.771561172376096e-16,-120.22275135072829,,,,,,
fidelity,88200,0.0,0.0,1.0,0.5,1001.2939453125,1.7208456881689926e-15,-120.21894264619272,,,,,,
fidelity,88200,0.0,1.0,0.0,0.5,1001.2939453125,9.992007221626409e-16,-120.25863149165949,,,,,,
fidelity,88200,0.0,1.0,1.0,0.5,1001.2939453125,2.886579864025407e-15,-120.25344120855216,,,,,,
fidelity,88200,0.0,0.5,0.5,0.5,2013.3544921875,1.2212453270876722e-15,-111.15474168065978,,,,,,
fidelity,88200,0.0,0.0,0.0,0.5,2013.3544921875,7.216449660063518e-16,-111.15025139660817,,,,,,
fidelity,88200,0.0,0.0,1.0,0.5,2013.3544921875,1.7763568394002505e-15,-111.14967115811702,,,,,,
fidelity,88200,0.0,1.0,0.0,0.5,2013.3544921875,7.216449660063518e-16,-111.15973386435437,,,,,,
fidelity,88200,0.0,1.0,1.0,0.5,2013.3544921875,2.3314683517128287e-15,-111.1591092571115,,,,,,
fidelity,88200,0.0,0.5,0.5,0.5,4015.9423828125,9.43689570931383e-16,-114.5162050859981,,,,,,
fidelity,88200,0.0,0.0,0.0,0.5,4015.9423828125,7.771561172376096e-16,-114.51500915612257,,,,,,
fidelity,88200,0.0,0.0,1.0,0.5,4015.9423828125,1.9984014443252818e-15,-114.51500915481174,,,,,,
fidelity,88200,0.0,1.0,0.0,0.5,4015.9423828125,7.494005416219807e-16,-114.51740627607883,,,,,,
fidelity,88200,0.0,1.0,1.0,0.5,4015.9423828125,2.220446049250313e-15,-114.51740627570602,,,,,,
fidelity,88200,0.0,0.5,0.5,0.05,5996.9970703125,1.249000902703301e-16,-131.72441358741875,,,,,,
fidelity,88200,0.0,0.0,0.0,0.05,5996.9970703125,7.632783294297951e-17,-131.7244067937123,,,,,,
fidelity,88200,0.0,0.0,1.0,0.05,5996.9970703125,2.636779683484747e-16,-131.7244067959604,,,,,,
fidelity,88200,0.0,1.0,0.0,0.05,5996.9970703125,7.979727989493313e-17,-131.7244203992072,,,,,,
fidelity,88200,0.0,1.0,1.0,0.05,5996.9970703125,2.3592239273284576e-16,-131.7244203997377,,,,,,
fidelity,88200,0.0,0.5,0.5,0.05,7999.5849609375,1.1796119636642288e-16,-109.51116129254474,,,,,,
fidelity,88200,0.0,0.0,0.0,0.05,7999.5849609375,6.938893903907228e-17,-109.51115756148548,,,,,,
fidelity,88200,0.0,0.0,1.0,0.05,7999.5849609375,2.3592239273284576e-16,-109.5111575607953,,,,,,
fidelity,88200,0.0,1.0,0.0,0.05,7999.5849609375,6.938893903907228e-17,-109.51116502897997,,,,,,
fidelity,88200,0.0,1.0,1.0,0.05,7999.5849609375,2.636779683484747e-16,-109.51116502785922,,,,,,
fidelity,88200,0.5,0.5,0.5,0.02,118.4326171875,1.1796119636642288e-16,-156.1619692786265,,,,,,
fidelity,88200,0.5,0.0,0.0,0.02,118.4326171875,7.632783294297951e-17,-156.1573896414311,,,,,,
fidelity,88200,0.5,0.0,1.0,0.02,118.4326171875,1.457167719820518e-16,-156.15738952051183,,,,,,
fidelity,88200,0.5,1.0,0.0,0.02,118.4326171875,3.3306690738754696e-16,-156.17579214263935,,,,,,
fidelity,88200,0.5,1.0,1.0,0.02,118.4326171875,5.273559366969494e-16,-156.17578714880642,,,,,,
fidelity,88200,0.5,0.5,0.5,0.05,441.4306640625,2.498001805406602e-16,-133.50231992888322,,,,,,
fidelity,88200,0.5,0.0,0.0,0.05,441.4306640625,1.8735013540549517e-16,-133.49040461838075,,,,,,
fidelity,88200,0.5,0.0,1.0,0.05,441.4306640625,4.440892098500626e-16,-133.49032005587563,,,,,,
fidelity,88200,0.5,1.0,0.0,0.05,441.4306640625,4.579669976578771e-16,-133.51900812895082,,,,,,
fidelity,88200,0.5,1.0,1.0,0.05,441.4306640625,6.938893903907228e-16,-133.51867886407473,,,,,,
fidelity,88200,0.5,0.5,0.5,0.2,441.4306640625,9.992007221626409e-16,-133.9233729799887,,,,,,
fidelity,88200,0.5,0.0,0.0,0.2,441.4306640625,7.216449660063518e-16,-133.83055601033394,,,,,,
fidelity,88200,0.5,0.0,1.0,0.2,441.4306640625,1.887379141862766e-15,-133.8144762816134,,,,,,
fidelity,88200,0.5,1.0,0.0,0.2,441.4306640625,1.5543122344752192e-15,-134.05505467824128,,,,,,
fidelity,88200,0.5,1.0,1.0,0.2,441.4306640625,2.55351295663786e-15,-134.0049530631526,,,,,,
fidelity,88200,0.5,0.5,0.5,0.5,118.4326171875,1.887379141862766e-15,-156.77955465585813,,,,,,
fidelity,88200,0.5,0.0,0.0,0.5,118.4326171875,1.1102230246251565e-15,-156.79843176268588,,,,,,
fidelity,88200,0.5,0.0,1.0,0.5,118.4326171875,2.55351295663786e-15,-156.78659263545114,,,,,,
fidelity,88200,0.5,1.0,0.0,0.5,118.4326171875,4.385380947269368e-15,-155.78743792337994,,,,,,
fidelity,88200,0.5,1.0,1.0,0.5,118.4326171875,6.217248937900877e-15,-155.51875817096249,,,,,,
fidelity,88200,0.5,0.5,0.5,0.5,1001.2939453125,1.5543122344752192e-15,-121.37703276618511,,,,,,
fidelity,88200,0.5,0.0,0.0,0.5,1001.2939453125,1.4432899320127035e-15,-121.40228826922076,,,,,,
fidelity,88200,0.5,0.0,1.0,0.5,1001.2939453125,3.3306690738754696e-15,-121.20840608284499,,,,,,
fidelity,88200,0.5,1.0,0.0,0.5,1001.2939453125,1.6653345369377348e-15,-121.50159738795652,,,,,,
fidelity,88200,0.5,1.0,1.0,0.5,1001.2939453125,3.4416913763379853e-15,-121.27503081035994,,,,,,
fidelity,88200,0.5,0.5,0.5,0.5,2013.3544921875,1.7763568394002505e-15,-112.45323969469054,,,,,,
fidelity,88200,0.5,0.0,0.0,0.5,2013.3544921875,1.3322676295501878e-15,-112.4394317998621,,,,,,
fidelity,88200,0.5,0.0,1.0,0.5,2013.3544921875,3.219646771412954e-15,-112.43603878722409,,,,,,
fidelity,88200,0.5,1.0,0.0,0.5,2013.3544921875,1.5543122344752192e-15,-112.46930237935922,,,,,,
fidelity,88200,0.5,1.0,1.0,0.5,2013.3544921875,3.552713678800501e-15,-112.46630449908008,,,,,,
fidelity,88200,0.5,0.5,0.5,0.5,4015.9423828125,1.9984014443252818e-15,-115.81666882417848,,,,,,
fidelity,88200,0.5,0.0,0.0,0.5,4015.9423828125,1.2212453270876722e-15,-115.81292054995978,,,,,,
fidelity,88200,0.5,0.0,1.0,0.5,4015.9423828125,3.774758283725532e-15,-115.81292055042985,,,,,,
fidelity,88200,0.5,1.0,0.0,0.5,4015.9423828125,1.2212453270876722e-15,-115.82041780806676,,,,,,
fidelity,88200,0.5,1.0,1.0,0.5,4015.9423828125,3.9968028886505635e-15,-115.82041780630612,,,,,,
fidelity,88200,0.5,0.5,0.5,0.05,5996.9970703125,2.636779683484747e-16,-131.7637829102392,,,,,,
fidelity,88200,0.5,0.0,0.0,0.05,5996.9970703125,1.6653345369377348e-16,-131.76367958736665,,,,,,
fidelity,88200,0.5,0.0,1.0,0.05,5996.9970703125,6.38378239159465e-16,-131.7636795896795,,,,,,
fidelity,88200,0.5,1.0,0.0,0.05,5996.9970703125,1.8041124150158794e-16,-131.76388648209524,,,,,,
fidelity,88200,0.5,1.0,1.0,0.05,5996.9970703125,4.718447854656915e-16,-131.76388648939968,,,,,,
fidelity,88200,0.5,0.5,0.5,0.05,7999.5849609375,2.914335439641036e-16,-109.55053770013714,,,,,,
fidelity,88200,0.5,0.0,0.0,0.05,7999.5849609375,1.5265566588595902e-16,-109.55048093844317,,,,,,
fidelity,88200,0.5,0.0,1.0,0.05,7999.5849609375,5.273559366969494e-16,-109.55048093786588,,,,,,
fidelity,88200,0.5,1.0,0.0,0.05,7999.5849609375,1.942890293094024e-16,-109.55059453732014,,,,,,
fidelity,88200,0.5,1.0,1.0,0.05,7999.5849609375,5.273559366969494e-16,-109.55059453696751,,,,,,
fidelity,88200,1.0,0.5,0.5,0.02,118.4326171875,2.636779683484747e-16,-156.25558122380875,,,,,,
fidelity,88200,1.0,0.0,0.0,0.02,118.4326171875,2.220446049250313e-16,-156.1897407556923,,,,,,
fidelity,88200,1.0,0.0,1.0,0.02,118.4326171875,4.579669976578771e-16,-156.18972676291585,,,,,,
fidelity,88200,1.0,1.0,0.0,0.02,118.4326171875,6.938893903907228e-16,-156.4207862676829,,,,,,
fidelity,88200,1.0,1.0,1.0,0.02,118.4326171875,1.1379786002407855e-15,-156.4197609871486,,,,,,
fidelity,88200,1.0,0.5,0.5,0.05,441.4306640625,8.326672684688674e-16,-133.92046839282617,,,,,,
fidelity,88200,1.0,0.0,0.0,0.05,441.4306640625,4.510281037539698e-16,-133.82789889062872,,,,,,
fidelity,88200,1.0,0.0,1.0,0.05,441.4306640625,1.1379786002407855e-15,-133.81208012578952,,,,,,
fidelity,88200,1.0,1.0,0.0,0.05,441.4306640625,9.71445146547012e-16,-134.0516446791089,,,,,,
fidelity,88200,1.0,1.0,1.0,0.05,441.4306640625,1.609823385706477e-15,-134.0022782505601,,,,,,
fidelity,88200,1.0,0.5,0.5,0.2,441.4306640625,1.887379141862766e-15,-134.122707453628,,,,,,
fidelity,88200,1.0,0.0,0.0,0.2,441.4306640625,1.4988010832439613e-15,-134.53648849388884,,,,,,
fidelity,88200,1.0,0.0,1.0,0.2,441.4306640625,3.6637359812630166e-15,-133.89931397465259,,,,,,
fidelity,88200,1.0,1.0,0.0,0.2,441.4306640625,3.3306690738754696e-15,-134.3839715645533,,,,,,
fidelity,88200,1.0,1.0,1.0,0.2,441.4306640625,4.579669976578771e-15,-133.31362430475374,,,,,,
fidelity,88200,1.0,0.5,0.5,0.5,118.4326171875,2.886579864025407e-15,-151.47922115136046,,,,,,
fidelity,88200,1.0,0.0,0.0,0.5,118.4326171875,1.582067810090848e-15,-154.82299893419477,,,,,,
fidelity,88200,1.0,0.0,1.0,0.5,118.4326171875,3.219646771412954e-15,-154.3474338200529,,,,,,
fidelity,88200,1.0,1.0,0.0,0.5,118.4326171875,8.576472865229334e-15,-148.9503672184548,,,,,,
fidelity,88200,1.0,1.0,1.0,0.5,118.4326171875,1.0880185641326534e-14,-146.88411958340484,,,,,,
fidelity,88200,1.0,0.5,0.5,0.5,1001.2939453125,2.886579864025407e-15,-122.34558349423928,,,,,,
fidelity,88200,1.0,0.0,0.0,0.5,1001.2939453125,1.7208456881689926e-15,-122.65961120268022,,,,,,
fidelity,88200,1.0,0.0,1.0,0.5,1001.2939453125,4.440892098500626e-15,-121.78797194936908,,,,,,
fidelity,88200,1.0,1.0,0.0,0.5,1001.2939453125,2.7755575615628914e-15,-122.71041836569411,,,,,,
fidelity,88200,1.0,1.0,1.0,0.5,1001.2939453125,5.88418203051333e-15,-121.79792672680352,,,,,,
fidelity,88200,1.0,0.5,0.5,0.5,2013.3544921875,3.1086244689504383e-15,-114.11422687557098,,,,,,
fidelity,88200,1.0,0.0,0.0,0.5,2013.3544921875,2.275957200481571e-15,-114.0710979884566,,,,,,
fidelity,88200,1.0,0.0,1.0,0.5,2013.3544921875,5.551115123125783e-15,-114.16260534736311,,,,,,
fidelity,88200,1.0,1.0,0.0,0.5,2013.3544921875,2.55351295663786e-15,-114.09177149225782,,,,,,
fidelity,88200,1.0,1.0,1.0,0.5,2013.3544921875,6.439293542825908e-15,-114.18554573100559,,,,,,
fidelity,88200,1.0,0.5,0.5,0.5,4015.9423828125,2.886579864025407e-15,-117.40061272267002,,,,,,
fidelity,88200,1.0,0.0,0.0,0.5,4015.9423828125,1.7763568394002505e-15,-117.39821243749746,,,,,,
fidelity,88200,1.0,0.0,1.0,0.5,4015.9423828125,5.551115123125783e-15,-117.39844269297433,,,,,,
fidelity,88200,1.0,1.0,0.0,0.5,4015.9423828125,1.582067810090848e-15,-117.40272343489089,,,,,,
fidelity,88200,1.0,1.0,1.0,0.5,4015.9423828125,4.884981308350689e-15,-117.40298394329925,,,,,,
fidelity,88200,1.0,0.5,0.5,0.05,5996.9970703125,7.216449660063518e-16,-132.2337247224833,,,,,,
fidelity,88200,1.0,0.0,0.0,0.05,5996.9970703125,4.163336342344337e-16,-132.23274255962275,,,,,,
fidelity,88200,1.0,0.0,1.0,0.05,5996.9970703125,1.3877787807814457e-15,-132.23274255902479,,,,,,
fidelity,88200,1.0,1.0,0.0,0.05,5996.9970703125,4.996003610813204e-16,-132.23470826150822,,,,,,
fidelity,88200,1.0,1.0,1.0,0.05,5996.9970703125,1.5543122344752192e-15,-132.23470826381356,,,,,,
fidelity,88200,1.0,0.5,0.5,0.05,7999.5849609375,7.771561172376096e-16,-110.02055082672712,,,,,,
fidelity,88200,1.0,0.0,0.0,0.05,7999.5849609375,4.996003610813204e-16,-110.02001142355086,,,,,,
fidelity,88200,1.0,0.0,1.0,0.05,7999.5849609375,1.6653345369377348e-15,-110.02001142228917,,,,,,
fidelity,88200,1.0,1.0,0.0,0.05,7999.5849609375,4.996003610813204e-16,-110.0210906431707,,,,,,
fidelity,88200,1.0,1.0,1.0,0.05,7999.5849609375,1.5543122344752192e-15,-110.02109064190945,,,,,,
fidelity,96000,0.0,0.5,0.5,0.02,105.46875,6.938893903907228e-17,-159.6424036721147,,,,,,
fidelity,96000,0.0,0.0,0.0,0.02,105.46875,6.418476861114186e-17,-159.6421046163451,,,,,,
fidelity,96000,0.0,0.0,1.0,0.02,105.46875,9.367506770274758e-17,-159.64210499633867,,,,,,
fidelity,96000,0.0,1.0,0.0,0.02,105.46875,1.5265566588595902e-16,-159.64334959329724,,,,,,
fidelity,96000,0.0,1.0,1.0,0.02,105.46875,2.42861286636753e-16,-159.6433498057152,,,,,,
fidelity,96000,0.0,0.5,0.5,0.05,457.03125,1.0408340855860843e-16,-134.31456472287314,,,,,,
fidelity,96000,0.0,0.0,0.0,0.05,457.03125,1.1796119636642288e-16,-134.3138077791088,,,,,,
fidelity,96000,0.0,0.0,1.0,0.05,457.03125,2.0816681711721685e-16,-134.31380738056288,,,,,,
fidelity,96000,0.0,1.0,0.0,0.05,457.03125,2.220446049250313e-16,-134.3156153378831,,,,,,
fidelity,96000,0.0,1.0,1.0,0.05,457.03125,3.469446951953614e-16,-134.3156139030274,,,,,,
fidelity,96000,0.0,0.5,0.5,0.2,457.03125,4.163336342344337e-16,-134.35399959921182,,,,,,
fidelity,96000,0.0,0.0,0.0,0.2,457.03125,4.163336342344337e-16,-134.3424958494354,,,,,,
fidelity,96000,0.0,0.0,1.0,0.2,457.03125,9.159339953157541e-16,-134.3423996935756,,,,,,
fidelity,96000,0.0,1.0,0.0,0.2,457.03125,8.604228440844963e-16,-134.36987136035938,,,,,,
fidelity,96000,0.0,1.0,1.0,0.2,457.03125,1.3322676295501878e-15,-134.3695213688525,,,,,,
fidelity,96000,0.0,0.5,0.5,0.5,105.46875,1.1102230246251565e-15,-159.86564115242425,,,,,,
fidelity,96000,0.0,0.0,0.0,0.5,105.46875,1.4432899320127035e-15,-159.7212258588828,,,,,,
fidelity,96000,0.0,0.0,1.0,0.5,105.46875,2.3314683517128287e-15,-159.72116402296302,,,,,,
fidelity,96000,0.0,1.0,0.0,0.5,105.46875,2.886579864025407e-15,-160.15259968619478,,,,,,
fidelity,96000,0.0,1.0,1.0,0.5,105.46875,3.6637359812630166e-15,-160.14823597702983,,,,,,
fidelity,96000,0.0,0.5,0.5,0.5,996.09375,1.0547118733938987e-15,-121.64152235261784,,,,,,
fidelity,96000,0.0,0.0,0.0,0.5,996.09375,7.771561172376096e-16,-121.6260367714271,,,,,,
fidelity,96000,0.0,0.0,1.0,0.5,996.09375,1.942890293094024e-15,-121.62127633088117,,,,,,
fidelity,96000,0.0,1.0,0.0,0.5,996.09375,1.2212453270876722e-15,-121.66211617502952,,,,,,
fidelity,96000,0.0,1.0,1.0,0.5,996.09375,2.7755575615628914e-15,-121.65560070903919,,,,,,
fidelity,96000,0.0,0.5,0.5,0.5,2003.90625,8.881784197001252e-16,-112.02587882510193,,,,,,
fidelity,96000,0.0,0.0,0.0,0.5,2003.90625,7.216449660063518e-16,-112.02131289785136,,,,,,
fidelity,96000,0.0,0.0,1.0,0.5,2003.90625,1.887379141862766e-15,-112.02081137861198,,,,,,
fidelity,96000,0.0,1.0,0.0,0.5,2003.90625,7.771561172376096e-16,-112.0308912175794,,,,,,
fidelity,96000,0.0,1.0,1.0,0.5,2003.90625,1.887379141862766e-15,-112.03035154924079,,,,,,
fidelity,96000,0.0,0.5,0.5,0.5,3996.09375,8.881784197001252e-16,-112.05665141803293,,,,,,
fidelity,96000,0.0,0.0,0.0,0.5,3996.09375,7.216449660063518e-16,-112.05544095405124,,,,,,
fidelity,96000,0.0,0.0,1.0,0.5,3996.09375,1.887379141862766e-15,-112.05544095514215,,,,,,
fidelity,96000,0.0,1.0,0.0,0.5,3996.09375,7.216449660063518e-16,-112.05786727176738,,,,,,
fidelity,96000,0.0,1.0,1.0,0.5,3996.09375,2.1094237467877974e-15,-112.05786727243209,,,,,,
fidelity,96000,0.0,0.5,0.5,0.05,6011.71875,1.1102230246251565e-16,-184.410556212134,,,,,,
fidelity,96000,0.0,0.0,0.0,0.05,6011.71875,7.28583859910259e-17,-184.4105466204388,,,,,,
fidelity,96000,0.0,0.0,1.0,0.05,6011.71875,2.3592239273284576e-16,-184.4105449552688,,,,,,
fidelity,96000,0.0,1.0,0.0,0.05,6011.71875,7.979727989493313e-17,-184.4105628752397,,,,,,
fidelity,96000,0.0,1.0,1.0,0.05,6011.71875,2.220446049250313e-16,-184.4105619592156,,,,,,
fidelity,96000,0.0,0.5,0.5,0.05,8003.90625,1.1796119636642288e-16,-111.75699715644255,,,,,,
fidelity,96000,0.0,0.0,0.0,0.05,8003.90625,6.938893903907228e-17,-111.75699339859901,,,,,,
fidelity,96000,0.0,0.0,1.0,0.05,8003.90625,2.3592239273284576e-16,-111.75699339729711,,,,,,
fidelity,96000,0.0,1.0,0.0,0.05,8003.90625,9.367506770274758e-17,-111.75700092275966,,,,,,
fidelity,96000,0.0,1.0,1.0,0.05,8003.90625,2.498001805406602e-16,-111.75700092171014,,,,,,
fidelity,96000,0.5,0.5,0.5,0.02,105.46875,1.457167719820518e-16,-159.6487720713925,,,,,,
fidelity,96000,0.5,0.0,0.0,0.02,105.46875,1.457167719820518e-16,-159.64410245371022,,,,,,
fidelity,96000,0.5,0.0,1.0,0.02,105.46875,2.1510571102112408e-16,-159.64410248467965,,,,,,
fidelity,96000,0.5,1.0,0.0,0.02,105.46875,3.608224830031759e-16,-159.6634907154353,,,,,,
fidelity,96000,0.5,1.0,1.0,0.02,105.46875,5.689893001203927e-16,-159.66348644334656,,,,,,
fidelity,96000,0.5,0.5,0.5,0.05,457.03125,2.3592239273284576e-16,-134.3536132662304,,,,,,
fidelity,96000,0.5,0.0,0.0,0.05,457.03125,2.3592239273284576e-16,-134.34221228700244,,,,,,
fidelity,96000,0.5,0.0,1.0,0.05,457.03125,5.134781488891349e-16,-134.34211791706736,,,,,,
fidelity,96000,0.5,1.0,0.0,0.05,457.03125,5.689893001203927e-16,-134.3693440925073,,,,,,
fidelity,96000,0.5,1.0,1.0,0.05,457.03125,9.43689570931383e-16,-134.36900053147934,,,,,,
fidelity,96000,0.5,0.5,0.5,0.2,457.03125,8.326672684688674e-16,-134.77322829598305,,,,,,
fidelity,96000,0.5,0.0,0.0,0.2,457.03125,8.881784197001252e-16,-134.68640249322212,,,,,,
fidelity,96000,0.5,0.0,1.0,0.2,457.03125,1.8318679906315083e-15,-134.6685054304354,,,,,,
fidelity,96000,0.5,1.0,0.0,0.2,457.03125,1.942890293094024e-15,-134.89923392147955,,,,,,
fidelity,96000,0.5,1.0,1.0,0.2,457.03125,3.0531133177191805e-15,-134.84645380939455,,,,,,
fidelity,96000,0.5,0.5,0.5,0.5,105.46875,1.7763568394002505e-15,-160.25458067591526,,,,,,
fidelity,96000,0.5,0.0,0.0,0.5,105.46875,2.9976021664879227e-15,-160.2702089906483,,,,,,
fidelity,96000,0.5,0.0,1.0,0.5,105.46875,4.773959005888173e-15,-160.2613202785739,,,,,,
fidelity,96000,0.5,1.0,0.0,0.5,105.46875,4.218847493575595e-15,-159.13214419850058,,,,,,
fidelity,96000,0.5,1.0,1.0,0.5,105.46875,6.661338147750939e-15,-158.89290670659057,,,,,,
fidelity,96000,0.5,0.5,0.5,0.5,996.09375,1.887379141862766e-15,-122.72866672279974,,,,,,
fidelity,96000,0.5,0.0,0.0,0.5,996.09375,1.4432899320127035e-15,-122.77916841501502,,,,,,
fidelity,96000,0.5,0.0,1.0,0.5,996.09375,2.9976021664879227e-15,-122.5272076792284,,,,,,
fidelity,96000,0.5,1.0,0.0,0.5,996.09375,2.3037127760972e-15,-122.8742207704762,,,,,,
fidelity,96000,0.5,1.0,1.0,0.5,996.09375,3.7192471324942744e-15,-122.5786151918242,,,,,,
fidelity,96000,0.5,0.5,0.5,0.5,2003.90625,1.887379141862766e-15,-113.32707757442503,,,,,,
fidelity,96000,0.5,0.0,0.0,0.5,2003.90625,1.7208456881689926e-15,-113.31181324655478,,,,,,
fidelity,96000,0.5,0.0,1.0,0.5,2003.90625,3.3306690738754696e-15,-113.312008465197,,,,,,
fidelity,96000,0.5,1.0,0.0,0.5,2003.90625,1.5543122344752192e-15,-113.3420350802065,,,,,,
fidelity,96000,0.5,1.0,1.0,0.5,2003.90625,3.774758283725532e-15,-113.34277221787312,,,,,,
fidelity,96000,0.5,0.5,0.5,0.5,3996.09375,1.6653345369377348e-15,-113.35711469416458,,,,,,
fidelity,96000,0.5,0.0,0.0,0.5,3996.09375,1.3877787807814457e-15,-113.35332079124842,,,,,,
fidelity,96000,0.5,0.0,1.0,0.5,3996.09375,3.6637359812630166e-15,-113.3533207922282,,,,,,
fidelity,96000,0.5,1.0,0.0,0.5,3996.09375,1.3322676295501878e-15,-113.36090932284705,,,,,,
fidelity,96000,0.5,1.0,1.0,0.5,3996.09375,3.3306690738754696e-15,-113.36090932432066,,,,,,
fidelity,96000,0.5,0.5,0.5,0.05,6011.71875,2.7755575615628914e-16,-184.45470169985654,,,,,,
fidelity,96000,0.5,0.0,0.0,0.05,6011.71875,1.8041124150158794e-16,-184.4545839693774,,,,,,
fidelity,96000,0.5,0.0,1.0,0.05,6011.71875,4.996003610813204e-16,-184.45458382353817,,,,,,
fidelity,96000,0.5,1.0,0.0,0.05,6011.71875,1.942890293094024e-16,-184.45481485443787,,,,,,
fidelity,96000,0.5,1.0,1.0,0.05,6011.71875,5.551115123125783e-16,-184.45481497227257,,,,,,
fidelity,96000,0.5,0.5,0.5,0.05,8003.90625,3.0531133177191805e-16,-111.79637373503348,,,,,,
fidelity,96000,0.5,0.0,0.0,0.05,8003.90625,2.0122792321330962e-16,-111.79631654176723,,,,,,
fidelity,96000,0.5,0.0,1.0,0.05,8003.90625,5.551115123125783e-16,-111.79631654010288,,,,,,
fidelity,96000,0.5,1.0,0.0,0.05,8003.90625,1.8735013540549517e-16,-111.79643100662301,,,,,,
fidelity,96000,0.5,1.0,1.0,0.05,8003.90625,6.38378239159465e-16,-111.79643100558113,,,,,,
fidelity,96000,1.0,0.5,0.5,0.02,105.46875,2.914335439641036e-16,-159.74214540159193,,,,,,
fidelity,96000,1.0,0.0,0.0,0.02,105.46875,4.163336342344337e-16,-159.67498991351616,,,,,,
fidelity,96000,1.0,0.0,1.0,0.02,105.46875,6.661338147750939e-16,-159.67497980333107,,,,,,
fidelity,96000,1.0,1.0,0.0,0.02,105.46875,8.049116928532385e-16,-159.91632030030397,,,,,,
fidelity,96000,1.0,1.0,1.0,0.02,105.46875,1.2212453270876722e-15,-159.91542670310014,,,,,,
fidelity,96000,1.0,0.5,0.5,0.05,457.03125,7.216449660063518e-16,-134.77034677425496,,,,,,
fidelity,96000,1.0,0.0,0.0,0.05,457.03125,4.718447854656915e-16,-134.68372694830006,,,,,,
fidelity,96000,1.0,0.0,1.0,0.05,457.03125,9.992007221626409e-16,-134.6661199956403,,,,,,
fidelity,96000,1.0,1.0,0.0,0.05,457.03125,1.2212453270876722e-15,-134.89584985909178,,,,,,
fidelity,96000,1.0,1.0,1.0,0.05,457.03125,2.1649348980190553e-15,-134.84384802710292,,,,,,
fidelity,96000,1.0,0.5,0.5,0.2,457.03125,1.3322676295501878e-15,-134.91304338044972,,,,,,
fidelity,96000,1.0,0.0,0.0,0.2,457.03125,1.3322676295501878e-15,-135.36646591843348,,,,,,
fidelity,96000,1.0,0.0,1.0,0.2,457.03125,2.9976021664879227e-15,-134.6575903241956,,,,,,
fidelity,96000,1.0,1.0,0.0,0.2,457.03125,3.656797087359109e-15,-135.2021041013959,,,,,,
fidelity,96000,1.0,1.0,1.0,0.2,457.03125,5.290906601729262e-15,-134.036680307335,,,,,,
fidelity,96000,1.0,0.5,0.5,0.5,105.46875,3.3306690738754696e-15,-154.6905684959324,,,,,,
fidelity,96000,1.0,0.0,0.0,0.5,105.46875,3.164135620181696e-15,-158.28871938466264,,,,,,
fidelity,96000,1.0,0.0,1.0,0.5,105.46875,4.3298697960381105e-15,-157.8966877999007,,,,,,
fidelity,96000,1.0,1.0,0.0,0.5,105.46875,6.38378239159465e-15,-151.6892540598513,,,,,,
fidelity,96000,1.0,1.0,1.0,0.5,105.46875,9.447304050169691e-15,-149.61450392388366,,,,,,
fidelity,96000,1.0,0.5,0.5,0.5,996.09375,3.552713678800501e-15,-123.46477621406336,,,,,,
fidelity,96000,1.0,0.0,0.0,0.5,996.09375,1.887379141862766e-15,-123.89792423531847,,,,,,
fidelity,96000,1.0,0.0,1.0,0.5,996.09375,4.6629367034256575e-15,-122.75724754116479,,,,,,
fidelity,96000,1.0,1.0,0.0,0.5,996.09375,4.9404924595819466e-15,-123.93867016754339,,,,,,
fidelity,96000,1.0,1.0,1.0,0.5,996.09375,1.0658141036401503e-14,-122.74530343945344,,,,,,
fidelity,96000,1.0,0.5,0.5,0.5,2003.90625,3.1086244689504383e-15,-114.99514690642101,,,,,,
fidelity,96000,1.0,0.0,0.0,0.5,2003.90625,2.1094237467877974e-15,-114.94731257536309,,,,,,
fidelity,96000,1.0,0.0,1.0,0.5,2003.90625,4.6629367034256575e-15,-115.05184038000789,,,,,,
fidelity,96000,1.0,1.0,0.0,0.5,2003.90625,2.3314683517128287e-15,-114.96823372343715,,,,,,
fidelity,96000,1.0,1.0,1.0,0.5,2003.90625,6.661338147750939e-15,-115.07516432623115,,,,,,
fidelity,96000,1.0,0.5,0.5,0.5,3996.09375,2.6645352591003757e-15,-114.94438676933912,,,,,,
fidelity,96000,1.0,0.0,0.0,0.5,3996.09375,1.887379141862766e-15,-114.94188241370203,,,,,,
fidelity,96000,1.0,0.0,1.0,0.5,3996.09375,6.439293542825908e-15,-114.94187843154035,,,,,,
fidelity,96000,1.0,1.0,0.0,0.5,3996.09375,1.7763568394002505e-15,-114.94689045602405,,,,,,
fidelity,96000,1.0,1.0,1.0,0.5,3996.09375,5.329070518200751e-15,-114.94688591994914,,,,,,
fidelity,96000,1.0,0.5,0.5,0.05,6011.71875,6.661338147750939e-16,-184.97427892692815,,,,,,
fidelity,96000,1.0,0.0,0.0,0.05,6011.71875,4.718447854656915e-16,-184.97320587853244,,,,,,
fidelity,96000,1.0,0.0,1.0,0.05,6011.71875,1.27675647831893e-15,-184.9732053777758,,,,,,
fidelity,96000,1.0,1.0,0.0,0.05,6011.71875,5.273559366969494e-16,-184.97535153955664,,,,,,
fidelity,96000,1.0,1.0,1.0,0.05,6011.71875,1.3322676295501878e-15,-184.9753521573656,,,,,,
fidelity,96000,1.0,0.5,0.5,0.05,8003.90625,8.326672684688674e-16,-112.26638895583397,,,,,,
fidelity,96000,1.0,0.0,0.0,0.05,8003.90625,4.440892098500626e-16,-112.26584544127238,,,,,,
fidelity,96000,1.0,0.0,1.0,0.05,8003.90625,1.3322676295501878e-15,-112.26584544051491,,,,,,
fidelity,96000,1.0,1.0,0.0,0.05,8003.90625,4.85722573273506e-16,-112.26693289241419,,,,,,
fidelity,96000,1.0,1.0,1.0,0.05,8003.90625,1.5543122344752192e-15,-112.26693289114691,,,,,,
fidelity,176400,0.0,0.5,0.5,0.02,107.666015625,6.591949208711867e-17,-169.8823776501764,,,,,,
fidelity,176400,0.0,0.0,0.0,0.02,107.666015625,7.979727989493313e-17,-169.88210050261983,,,,,,
fidelity,176400,0.0,0.0,1.0,0.02,107.666015625,1.1796119636642288e-16,-169.88210275173049,,,,,,
fidelity,176400,0.0,1.0,0.0,0.02,107.666015625,2.3592239273284576e-16,-169.88331293982142,,,,,,
fidelity,176400,0.0,1.0,1.0,0.02,107.666015625,3.7470027081099033e-16,-169.88331545897168,,,,,,
fidelity,176400,0.0,0.5,0.5,0.05,452.197265625,1.249000902703301e-16,-144.95216173448725,,,,,,
fidelity,176400,0.0,0.0,0.0,0.05,452.197265625,1.1102230246251565e-16,-144.9513954905151,,,,,,
fidelity,176400,0.0,0.0,1.0,0.05,452.197265625,1.942890293094024e-16,-144.95139523995834,,,,,,
fidelity,176400,0.0,1.0,0.0,0.05,452.197265625,1.5959455978986625e-16,-144.95323079835134,,,,,,
fidelity,176400,0.0,1.0,1.0,0.05,452.197265625,2.2898349882893854e-16,-144.95322929997033,,,,,,
fidelity,176400,0.0,0.5,0.5,0.2,452.197265625,4.163336342344337e-16,-144.9915006870697,,,,,,
fidelity,176400,0.0,0.0,0.0,0.2,452.197265625,4.163336342344337e-16,-144.97988702610456,,,,,,
fidelity,176400,0.0,0.0,1.0,0.2,452.197265625,1.0269562977782698e-15,-144.97977609676914,,,,,,
fidelity,176400,0.0,1.0,0.0,0.2,452.197265625,6.38378239159465e-16,-145.00762060203007,,,,,,
fidelity,176400,0.0,1.0,1.0,0.2,452.197265625,8.049116928532385e-16,-145.00720779464885,,,,,,
fidelity,176400,0.0,0.5,0.5,0.5,107.666015625,9.43689570931383e-16,-170.10186522750143,,,,,,
fidelity,176400,0.0,0.0,0.0,0.5,107.666015625,1.915134717478395e-15,-169.96047296377532,,,,,,
fidelity,176400,0.0,0.0,1.0,0.5,107.666015625,3.1086244689504383e-15,-169.9604085861425,,,,,,
fidelity,176400,0.0,1.0,0.0,0.5,107.666015625,4.773959005888173e-15,-170.3811416082364,,,,,,
fidelity,176400,0.0,1.0,1.0,0.5,107.666015625,6.772360450213455e-15,-170.37659187318968,,,,,,
fidelity,176400,0.0,0.5,0.5,0.5,1012.060546875,1.0547118733938987e-15,-131.37489938616594,,,,,,
fidelity,176400,0.0,0.0,0.0,0.5,1012.060546875,1.2559397966072083e-15,-131.3627800092386,,,,,,
fidelity,176400,0.0,0.0,1.0,0.5,1012.060546875,2.831068712794149e-15,-131.35198872928834,,,,,,
fidelity,176400,0.0,1.0,0.0,0.5,1012.060546875,9.992007221626409e-16,-131.39691655992254,,,,,,
fidelity,176400,0.0,1.0,1.0,0.5,1012.060546875,2.3314683517128287e-15,-131.38222452928406,,,,,,
fidelity,176400,0.0,0.5,0.5,0.5,2002.587890625,9.992007221626409e-16,-120.2385418847799,,,,,,
fidelity,176400,0.0,0.0,0.0,0.5,2002.587890625,7.771561172376096e-16,-120.23542904321076,,,,,,
fidelity,176400,0.0,0.0,1.0,0.5,2002.587890625,1.9984014443252818e-15,-120.23107396044642,,,,,,
fidelity,176400,0.0,1.0,0.0,0.5,2002.587890625,9.992007221626409e-16,-120.24490394660504,,,,,,
fidelity,176400,0.0,1.0,1.0,0.5,2002.587890625,1.887379141862766e-15,-120.24017806247151,,,,,,
fidelity,176400,0.0,0.5,0.5,0.5,4026.708984375,1.2212453270876722e-15,-111.15519251815662,,,,,,
fidelity,176400,0.0,0.0,0.0,0.5,4026.708984375,7.771561172376096e-16,-111.15399077675,,,,,,
fidelity,176400,0.0,0.0,1.0,0.5,4026.708984375,2.1094237467877974e-15,-111.1539907770919,,,,,,
fidelity,176400,0.0,1.0,0.0,0.5,4026.708984375,7.771561172376096e-16,-111.15639957113233,,,,,,
fidelity,176400,0.0,1.0,1.0,0.5,4026.708984375,2.1094237467877974e-15,-111.15639957140431,,,,,,
fidelity,176400,0.0,0.5,0.5,0.05,6007.763671875,1.249000902703301e-16,-109.49949948212105,,,,,,
fidelity,176400,0.0,0.0,0.0,0.05,6007.763671875,8.673617379884035e-17,-109.49949255609282,,,,,,
fidelity,176400,0.0,0.0,1.0,0.05,6007.763671875,2.220446049250313e-16,-109.49949255563266,,,,,,
fidelity,176400,0.0,1.0,0.0,0.05,6007.763671875,9.367506770274758e-17,-109.49950642598887,,,,,,
fidelity,176400,0.0,1.0,1.0,0.05,6007.763671875,2.498001805406602e-16,-109.4995064260307,,,,,,
fidelity,176400,0.0,0.5,0.5,0.05,8031.884765625,1.1796119636642288e-16,-114.28010597041988,,,,,,
fidelity,176400,0.0,0.0,0.0,0.05,8031.884765625,8.673617379884035e-17,-114.28010211370452,,,,,,
fidelity,176400,0.0,0.0,1.0,0.05,8031.884765625,2.3592239273284576e-16,-114.28010211199111,,,,,,
fidelity,176400,0.0,1.0,0.0,0.05,8031.884765625,8.673617379884035e-17,-114.28010983475296,,,,,,
fidelity,176400,0.0,1.0,1.0,0.05,8031.884765625,2.636779683484747e-16,-114.28010983440628,,,,,,
fidelity,176400,0.5,0.5,0.5,0.02,107.666015625,1.457167719820518e-16,-169.8886413958617,,,,,,
fidelity,176400,0.5,0.0,0.0,0.02,107.666015625,1.942890293094024e-16,-169.88407956623865,,,,,,
fidelity,176400,0.5,0.0,1.0,0.02,107.666015625,2.8102520310824275e-16,-169.8840818112763,,,,,,
fidelity,176400,0.5,1.0,0.0,0.02,107.666015625,5.551115123125783e-16,-169.9029777501271,,,,,,
fidelity,176400,0.5,1.0,1.0,0.02,107.666015625,8.326672684688674e-16,-169.9029754852276,,,,,,
fidelity,176400,0.5,0.5,0.5,0.05,452.197265625,2.3592239273284576e-16,-144.99111580079062,,,,,,
fidelity,176400,0.5,0.0,0.0,0.05,452.197265625,2.7755575615628914e-16,-144.9796055414398,,,,,,
fidelity,176400,0.5,0.0,1.0,0.05,452.197265625,5.828670879282072e-16,-144.97949671931258,,,,,,
fidelity,176400,0.5,1.0,0.0,0.05,452.197265625,4.718447854656915e-16,-145.007092890973,,,,,,
fidelity,176400,0.5,1.0,1.0,0.05,452.197265625,7.216449660063518e-16,-145.00668770061733,,,,,,
fidelity,176400,0.5,0.5,0.5,0.2,452.197265625,9.992007221626409e-16,-145.39965941283955,,,,,,
fidelity,176400,0.5,0.0,0.0,0.2,452.197265625,8.881784197001252e-16,-145.31758069833495,,,,,,
fidelity,176400,0.5,0.0,1.0,0.2,452.197265625,1.609823385706477e-15,-145.29663981602613,,,,,,
fidelity,176400,0.5,1.0,0.0,0.2,452.197265625,1.4432899320127035e-15,-145.52380925469254,,,,,,
fidelity,176400,0.5,1.0,1.0,0.2,452.197265625,2.4424906541753444e-15,-145.46004114688236,,,,,,
fidelity,176400,0.5,0.5,0.5,0.5,107.666015625,1.4432899320127035e-15,-170.46328435924747,,,,,,
fidelity,176400,0.5,0.0,0.0,0.5,107.666015625,4.163336342344337e-15,-170.49920493785146,,,,,,
fidelity,176400,0.5,0.0,1.0,0.5,107.666015625,5.440092820663267e-15,-170.4896867129026,,,,,,
fidelity,176400,0.5,1.0,0.0,0.5,107.666015625,5.551115123125783e-15,-169.30085378924556,,,,,,
fidelity,176400,0.5,1.0,1.0,0.5,107.666015625,8.881784197001252e-15,-169.0389147318825,,,,,,
fidelity,176400,0.5,0.5,0.5,0.5,1012.060546875,1.6653345369377348e-15,-132.11148873609997,,,,,,
fidelity,176400,0.5,0.0,0.0,0.5,1012.060546875,2.789435349370706e-15,-132.34263273725946,,,,,,
fidelity,176400,0.5,0.0,1.0,0.5,1012.060546875,5.384581669432009e-15,-131.6856588021751,,,,,,
fidelity,176400,0.5,1.0,0.0,0.5,1012.060546875,1.5959455978986625e-15,-132.39838610029568,,,,,,
fidelity,176400,0.5,1.0,1.0,0.5,1012.060546875,3.774758283725532e-15,-131.62216378954048,,,,,,
fidelity,176400,0.5,0.5,0.5,0.5,2002.587890625,1.5543122344752192e-15,-121.37856695663345,,,,,,
fidelity,176400,0.5,0.0,0.0,0.5,2002.587890625,1.27675647831893e-15,-121.44047267646931,,,,,,
fidelity,176400,0.5,0.0,1.0,0.5,2002.587890625,3.774758283725532e-15,-121.2338208267554,,,,,,
fidelity,176400,0.5,1.0,0.0,0.5,2002.587890625,1.915134717478395e-15,-121.46679509122933,,,,,,
fidelity,176400,0.5,1.0,1.0,0.5,2002.587890625,3.774758283725532e-15,-121.25155253617434,,,,,,
fidelity,176400,0.5,0.5,0.5,0.5,4026.708984375,1.7763568394002505e-15,-112.45565287734465,,,,,,
fidelity,176400,0.5,0.0,0.0,0.5,4026.708984375,1.3322676295501878e-15,-112.45188637900723,,,,,,
fidelity,176400,0.5,0.0,1.0,0.5,4026.708984375,3.3306690738754696e-15,-112.45188637922408,,,,,,
fidelity,176400,0.5,1.0,0.0,0.5,4026.708984375,1.2212453270876722e-15,-112.45942009095258,,,,,,
fidelity,176400,0.5,1.0,1.0,0.5,4026.708984375,3.3306690738754696e-15,-112.45942009127027,,,,,,
fidelity,176400,0.5,0.5,0.5,0.05,6007.763671875,2.3592239273284576e-16,-109.5388759048695,,,,,,
fidelity,176400,0.5,0.0,0.0,0.05,6007.763671875,2.0816681711721685e-16,-109.53877053402098,,,,,,
fidelity,176400,0.5,0.0,1.0,0.05,6007.763671875,5.551115123125783e-16,-109.53877053441744,,,,,,
fidelity,176400,0.5,1.0,0.0,0.05,6007.763671875,2.498001805406602e-16,-109.538981533289,,,,,,
fidelity,176400,0.5,1.0,1.0,0.05,6007.763671875,5.273559366969494e-16,-109.53898153337462,,,,,,
fidelity,176400,0.5,0.5,0.5,0.05,8031.884765625,2.636779683484747e-16,-114.3194823374263,,,,,,
fidelity,176400,0.5,0.0,0.0,0.05,8031.884765625,2.0122792321330962e-16,-114.31942365304087,,,,,,
fidelity,176400,0.5,0.0,1.0,0.05,8031.884765625,5.273559366969494e-16,-114.31942365295619,,,,,,
fidelity,176400,0.5,1.0,0.0,0.05,8031.884765625,2.0816681711721685e-16,-114.31954110341161,,,,,,
fidelity,176400,0.5,1.0,1.0,0.05,8031.884765625,4.718447854656915e-16,-114.31954110299259,,,,,,
fidelity,176400,1.0,0.5,0.5,0.02,107.666015625,2.7755575615628914e-16,-169.9804722986828,,,,,,
fidelity,176400,1.0,0.0,0.0,0.02,107.666015625,4.787836793695988e-16,-169.9146846262559,,,,,,
fidelity,176400,1.0,0.0,1.0,0.02,107.666015625,7.494005416219807e-16,-169.91467575010861,,,,,,
fidelity,176400,1.0,1.0,0.0,0.02,107.666015625,1.1379786002407855e-15,-170.15009829988946,,,,,,
fidelity,176400,1.0,1.0,1.0,0.02,107.666015625,1.8041124150158794e-15,-170.14917091379579,,,,,,
fidelity,176400,1.0,0.5,0.5,0.05,452.197265625,7.216449660063518e-16,-145.39695446033085,,,,,,
fidelity,176400,1.0,0.0,0.0,0.05,452.197265625,5.551115123125783e-16,-145.3149911949668,,,,,,
fidelity,176400,1.0,0.0,1.0,0.05,452.197265625,9.992007221626409e-16,-145.29439278059533,,,,,,
fidelity,176400,1.0,1.0,0.0,0.05,452.197265625,9.992007221626409e-16,-145.52064638280353,,,,,,
fidelity,176400,1.0,1.0,1.0,0.05,452.197265625,1.27675647831893e-15,-145.45783668692982,,,,,,
fidelity,176400,1.0,0.5,0.5,0.2,452.197265625,1.4432899320127035e-15,-144.99704962622366,,,,,,
fidelity,176400,1.0,0.0,0.0,0.2,452.197265625,1.5543122344752192e-15,-145.73955111690788,,,,,,
fidelity,176400,1.0,0.0,1.0,0.2,452.197265625,2.886579864025407e-15,-144.7387543351141,,,,,,
fidelity,176400,1.0,1.0,0.0,0.2,452.197265625,2.1094237467877974e-15,-145.3144314613789,,,,,,
fidelity,176400,1.0,1.0,1.0,0.2,452.197265625,2.55351295663786e-15,-143.52334096711925,,,,,,
fidelity,176400,1.0,0.5,0.5,0.5,107.666015625,2.6645352591003757e-15,-164.4514470894178,,,,,,
fidelity,176400,1.0,0.0,0.0,0.5,107.666015625,7.327471962526033e-15,-168.3816991080465,,,,,,
fidelity,176400,1.0,0.0,1.0,0.5,107.666015625,8.583411759133242e-15,-167.93572505659176,,,,,,
fidelity,176400,1.0,1.0,0.0,0.5,107.666015625,7.382983113757291e-15,-161.06966191728756,,,,,,
fidelity,176400,1.0,1.0,1.0,0.5,107.666015625,9.284240043427872e-15,-158.27649353388273,,,,,,
fidelity,176400,1.0,0.5,0.5,0.5,1012.060546875,3.1086244689504383e-15,-130.92489763303004,,,,,,
fidelity,176400,1.0,0.0,0.0,0.5,1012.060546875,5.023759186428833e-15,-132.30031544631186,,,,,,
fidelity,176400,1.0,0.0,1.0,0.5,1012.060546875,1.2073675392798577e-14,-129.1458606895309,,,,,,
fidelity,176400,1.0,1.0,0.0,0.5,1012.060546875,3.2751579226442118e-15,-132.24763978537032,,,,,,
fidelity,176400,1.0,1.0,1.0,0.5,1012.060546875,6.286637876939949e-15,-128.96566973225725,,,,,,
fidelity,176400,1.0,0.5,0.5,0.5,2002.587890625,2.886579864025407e-15,-122.36149829475501,,,,,,
fidelity,176400,1.0,0.0,0.0,0.5,2002.587890625,2.55351295663786e-15,-122.68958115903588,,,,,,
fidelity,176400,1.0,0.0,1.0,0.5,2002.587890625,6.8833827526759706e-15,-121.81424899255325,,,,,,
fidelity,176400,1.0,1.0,0.0,0.5,2002.587890625,3.552713678800501e-15,-122.70319108768093,,,,,,
fidelity,176400,1.0,1.0,1.0,0.5,2002.587890625,7.771561172376096e-15,-121.81729439551695,,,,,,
fidelity,176400,1.0,0.5,0.5,0.5,4026.708984375,3.1086244689504383e-15,-114.0431418975475,,,,,,
fidelity,176400,1.0,0.0,0.0,0.5,4026.708984375,1.887379141862766e-15,-114.04063979449165,,,,,,
fidelity,176400,1.0,0.0,1.0,0.5,4026.708984375,5.773159728050814e-15,-114.0406397942003,,,,,,
fidelity,176400,1.0,1.0,0.0,0.5,4026.708984375,1.887379141862766e-15,-114.04564063686394,,,,,,
fidelity,176400,1.0,1.0,1.0,0.5,4026.708984375,6.661338147750939e-15,-114.04564063694554,,,,,,
fidelity,176400,1.0,0.5,0.5,0.05,6007.763671875,7.771561172376096e-16,-110.008889304445,,,,,,
fidelity,176400,1.0,0.0,0.0,0.05,6007.763671875,5.551115123125783e-16,-110.0078877532614,,,,,,
fidelity,176400,1.0,0.0,1.0,0.05,6007.763671875,1.7208456881689926e-15,-110.00788775305259,,,,,,
fidelity,176400,1.0,1.0,0.0,0.05,6007.763671875,5.828670879282072e-16,-110.00989227956526,,,,,,
fidelity,176400,1.0,1.0,1.0,0.05,6007.763671875,1.6653345369377348e-15,-110.00989227964773,,,,,,
fidelity,176400,1.0,0.5,0.5,0.05,8031.884765625,8.326672684688674e-16,-114.7894962812724,,,,,,
fidelity,176400,1.0,0.0,0.0,0.05,8031.884765625,4.440892098500626e-16,-114.78893860264849,,,,,,
fidelity,176400,1.0,0.0,1.0,0.05,8031.884765625,1.5543122344752192e-15,-114.78893860077848,,,,,,
fidelity,176400,1.0,1.0,0.0,0.05,8031.884765625,5.134781488891349e-16,-114.79005440493083,,,,,,
fidelity,176400,1.0,1.0,1.0,0.05,8031.884765625,1.3322676295501878e-15,-114.79005440439039,,,,,,
fidelity,192000,0.0,0.5,0.5,0.02,117.1875,6.591949208711867e-17,-169.8823776501764,,,,,,
fidelity,192000,0.0,0.0,0.0,0.02,117.1875,1.0408340855860843e-16,-169.88210701659114,,,,,,
fidelity,192000,0.0,0.0,1.0,0.02,117.1875,1.3877787807814457e-16,-169.88210890192056,,,,,,
fidelity,192000,0.0,1.0,0.0,0.02,117.1875,1.6653345369377348e-16,-169.88326284960874,,,,,,
fidelity,192000,0.0,1.0,1.0,0.02,117.1875,2.8449465006019636e-16,-169.88326479376596,,,,,,
fidelity,192000,0.0,0.5,0.5,0.05,445.3125,1.1796119636642288e-16,-146.68267929846382,,,,,,
fidelity,192000,0.0,0.0,0.0,0.05,445.3125,1.3183898417423734e-16,-146.6818989130282,,,,,,
fidelity,192000,0.0,0.0,1.0,0.05,445.3125,2.0816681711721685e-16,-146.68189824542145,,,,,,
fidelity,192000,0.0,1.0,0.0,0.05,445.3125,2.8449465006019636e-16,-146.683776626162,,,,,,
fidelity,192000,0.0,1.0,1.0,0.05,445.3125,4.440892098500626e-16,-146.68377471163592,,,,,,
fidelity,192000,0.0,0.5,0.5,0.2,445.3125,5.828670879282072e-16,-146.72200188660122,,,,,,
fidelity,192000,0.0,0.0,0.0,0.2,445.3125,6.38378239159465e-16,-146.7101682386225,,,,,,
fidelity,192000,0.0,0.0,1.0,0.2,445.3125,8.326672684688674e-16,-146.71005965158292,,,,,,
fidelity,192000,0.0,1.0,0.0,0.2,445.3125,1.124100812432971e-15,-146.73853767210323,,,,,,
fidelity,192000,0.0,1.0,1.0,0.2,445.3125,1.887379141862766e-15,-146.73812231448377,,,,,,
fidelity,192000,0.0,0.5,0.5,0.5,117.1875,9.43689570931383e-16,-170.10186522750143,,,,,,
fidelity,192000,0.0,0.0,0.0,0.5,117.1875,2.4980018054066022e-15,-169.96295996171258,,,,,,
fidelity,192000,0.0,0.0,1.0,0.5,117.1875,3.6637359812630166e-15,-169.96287857258892,,,,,,
fidelity,192000,0.0,1.0,0.0,0.5,117.1875,2.6645352591003757e-15,-170.37234904624583,,,,,,
fidelity,192000,0.0,1.0,1.0,0.5,117.1875,5.218048215738236e-15,-170.36727059615276,,,,,,
fidelity,192000,0.0,0.5,0.5,0.5,1007.8125,9.43689570931383e-16,-132.88008019751595,,,,,,
fidelity,192000,0.0,0.0,0.0,0.5,1007.8125,1.1102230246251565e-15,-132.86813753958765,,,,,,
fidelity,192000,0.0,0.0,1.0,0.5,1007.8125,2.1094237467877974e-15,-132.85674715506374,,,,,,
fidelity,192000,0.0,1.0,0.0,0.5,1007.8125,1.3600232051658168e-15,-132.90244149712595,,,,,,
fidelity,192000,0.0,1.0,1.0,0.5,1007.8125,2.55351295663786e-15,-132.88689169613716,,,,,,
fidelity,192000,0.0,0.5,0.5,0.5,1992.1875,1.0547118733938987e-15,-121.64152235617911,,,,,,
fidelity,192000,0.0,0.0,0.0,0.5,1992.1875,8.881784197001252e-16,-121.6387912240157,,,,,,
fidelity,192000,0.0,0.0,1.0,0.5,1992.1875,2.831068712794149e-15,-121.63330578985773,,,,,,
fidelity,192000,0.0,1.0,0.0,0.5,1992.1875,1.1657341758564144e-15,-121.64832504104525,,,,,,
fidelity,192000,0.0,1.0,1.0,0.5,1992.1875,2.886579864025407e-15,-121.64236526402341,,,,,,
fidelity,192000,0.0,0.5,0.5,0.5,4007.8125,8.881784197001252e-16,-112.02626805694968,,,,,,
fidelity,192000,0.0,0.0,0.0,0.5,4007.8125,6.38378239159465e-16,-112.02505436075187,,,,,,
fidelity,192000,0.0,0.0,1.0,0.5,4007.8125,1.887379141862766e-15,-112.02505435934641,,,,,,
fidelity,192000,0.0,1.0,0.0,0.5,4007.8125,8.326672684688674e-16,-112.02748717340867,,,,,,
fidelity,192000,0.0,1.0,1.0,0.5,4007.8125,2.3314683517128287e-15,-112.0274871723076,,,,,,
fidelity,192000,0.0,0.5,0.5,0.05,6023.4375,1.0408340855860843e-16,-109.32235769736013,,,,,,
fidelity,192000,0.0,0.0,0.0,0.05,6023.4375,8.673617379884035e-17,-109.32235079942868,,,,,,
fidelity,192000,0.0,0.0,1.0,0.05,6023.4375,2.498001805406602e-16,-109.32235079963496,,,,,,
fidelity,192000,0.0,1.0,0.0,0.05,6023.4375,9.367506770274758e-17,-109.32236461299411,,,,,,
fidelity,192000,0.0,1.0,1.0,0.05,6023.4375,2.220446049250313e-16,-109.32236461341088,,,,,,
fidelity,192000,0.0,0.5,0.5,0.05,7992.1875,1.249000902703301e-16,-111.82055158580086,,,,,,
fidelity,192000,0.0,0.0,0.0,0.05,7992.1875,1.0755285551056204e-16,-111.8205476804429,,,,,,
fidelity,192000,0.0,0.0,1.0,0.05,7992.1875,3.0531133177191805e-16,-111.82054768008916,,,,,,
fidelity,192000,0.0,1.0,0.0,0.05,7992.1875,1.0061396160665481e-16,-111.82055549727424,,,,,,
fidelity,192000,0.0,1.0,1.0,0.05,7992.1875,2.3592239273284576e-16,-111.82055549732637,,,,,,
fidelity,192000,0.5,0.5,0.5,0.02,117.1875,1.457167719820518e-16,-169.8886413958617,,,,,,
fidelity,192000,0.5,0.0,0.0,0.02,117.1875,2.498001805406602e-16,-169.8841529894279,,,,,,
fidelity,192000,0.5,0.0,1.0,0.02,117.1875,3.226585665316861e-16,-169.88415444866217,,,,,,
fidelity,192000,0.5,1.0,0.0,0.02,117.1875,3.885780586188048e-16,-169.90229929400613,,,,,,
fidelity,192000,0.5,1.0,1.0,0.02,117.1875,6.106226635438361e-16,-169.902295794742,,,,,,
fidelity,192000,0.5,0.5,0.5,0.05,445.3125,2.3592239273284576e-16,-146.72161723312638,,,,,,
fidelity,192000,0.5,0.0,0.0,0.05,445.3125,3.191891195797325e-16,-146.70988896021117,,,,,,
fidelity,192000,0.5,0.0,1.0,0.05,445.3125,4.85722573273506e-16,-146.70978240773454,,,,,,
fidelity,192000,0.5,1.0,0.0,0.05,445.3125,7.008282842946301e-16,-146.73800657537006,,,,,,
fidelity,192000,0.5,1.0,1.0,0.05,445.3125,1.1796119636642288e-15,-146.73759888763908,,,,,,
fidelity,192000,0.5,0.5,0.5,0.2,445.3125,8.881784197001252e-16,-147.12916772051787,,,,,,
fidelity,192000,0.5,0.0,0.0,0.2,445.3125,1.2212453270876722e-15,-147.04538833706835,,,,,,
fidelity,192000,0.5,0.0,1.0,0.2,445.3125,1.7208456881689926e-15,-147.024902027018,,,,,,
fidelity,192000,0.5,1.0,0.0,0.2,445.3125,2.609024107869118e-15,-147.25501638650604,,,,,,
fidelity,192000,0.5,1.0,1.0,0.2,445.3125,4.052314039881821e-15,-147.19092974003908,,,,,,
fidelity,192000,0.5,0.5,0.5,0.5,117.1875,1.4432899320127035e-15,-170.46328435924747,,,,,,
fidelity,192000,0.5,0.0,0.0,0.5,117.1875,5.162537064506978e-15,-170.50765783091592,,,,,,
fidelity,192000,0.5,0.0,1.0,0.5,117.1875,6.661338147750939e-15,-170.49582878475238,,,,,,
fidelity,192000,0.5,1.0,0.0,0.5,117.1875,3.1086244689504383e-15,-169.3766666540883,,,,,,
fidelity,192000,0.5,1.0,1.0,0.5,117.1875,7.105427357601002e-15,-169.084108655272,,,,,,
fidelity,192000,0.5,0.5,0.5,0.5,1007.8125,1.7763568394002505e-15,-133.57310377509447,,,,,,
fidelity,192000,0.5,0.0,0.0,0.5,1007.8125,1.7763568394002505e-15,-133.82636076199827,,,,,,
fidelity,192000,0.5,0.0,1.0,0.5,1007.8125,3.774758283725532e-15,-133.120905599367,,,,,,
fidelity,192000,0.5,1.0,0.0,0.5,1007.8125,2.831068712794149e-15,-133.87755346294693,,,,,,
fidelity,192000,0.5,1.0,1.0,0.5,1007.8125,3.774758283725532e-15,-133.04132695632086,,,,,,
fidelity,192000,0.5,0.5,0.5,0.5,1992.1875,1.887379141862766e-15,-122.72891966239136,,,,,,
fidelity,192000,0.5,0.0,0.0,0.5,1992.1875,1.7763568394002505e-15,-122.81585006998229,,,,,,
fidelity,192000,0.5,0.0,1.0,0.5,1992.1875,5.10702591327572e-15,-122.5429213626799,,,,,,
fidelity,192000,0.5,1.0,0.0,0.5,1992.1875,2.2065682614424986e-15,-122.84105062688285,,,,,,
fidelity,192000,0.5,1.0,1.0,0.5,1992.1875,3.6637359812630166e-15,-122.55642692654257,,,,,,
fidelity,192000,0.5,0.5,0.5,0.5,4007.8125,1.887379141862766e-15,-113.32673045878073,,,,,,
fidelity,192000,0.5,0.0,0.0,0.5,4007.8125,1.2212453270876722e-15,-113.32292640643246,,,,,,
fidelity,192000,0.5,0.0,1.0,0.5,4007.8125,3.9968028886505635e-15,-113.32292640505676,,,,,,
fidelity,192000,0.5,1.0,0.0,0.5,4007.8125,1.3600232051658168e-15,-113.33053524374148,,,,,,
fidelity,192000,0.5,1.0,1.0,0.5,4007.8125,4.218847493575595e-15,-113.33053524256567,,,,,,
fidelity,192000,0.5,0.5,0.5,0.05,6023.4375,2.220446049250313e-16,-109.36173409968458,,,,,,
fidelity,192000,0.5,0.0,0.0,0.05,6023.4375,1.7694179454963432e-16,-109.36162915479562,,,,,,
fidelity,192000,0.5,0.0,1.0,0.05,6023.4375,6.38378239159465e-16,-109.3616291547152,,,,,,
fidelity,192000,0.5,1.0,0.0,0.05,6023.4375,2.42861286636753e-16,-109.36183930140032,,,,,,
fidelity,192000,0.5,1.0,1.0,0.05,6023.4375,4.718447854656915e-16,-109.3618393017465,,,,,,
fidelity,192000,0.5,0.5,0.5,0.05,7992.1875,2.914335439641036e-16,-111.85992809617355,,,,,,
fidelity,192000,0.5,0.0,0.0,0.05,7992.1875,2.0816681711721685e-16,-111.85986869323641,,,,,,
fidelity,192000,0.5,0.0,1.0,0.05,7992.1875,6.38378239159465e-16,-111.85986869340923,,,,,,
fidelity,192000,0.5,1.0,0.0,0.05,7992.1875,2.220446049250313e-16,-111.85998758081908,,,,,,
fidelity,192000,0.5,1.0,1.0,0.05,7992.1875,5.551115123125783e-16,-111.85998758102174,,,,,,
fidelity,192000,1.0,0.5,0.5,0.02,117.1875,2.7755575615628914e-16,-169.9804722986828,,,,,,
fidelity,192000,1.0,0.0,0.0,0.02,117.1875,5.967448757360216e-16,-169.91576054638648,,,,,,
fidelity,192000,1.0,0.0,1.0,0.02,117.1875,8.881784197001252e-16,-169.9157481637909,,,,,,
fidelity,192000,1.0,1.0,0.0,0.02,117.1875,8.049116928532385e-16,-170.14325862484841,,,,,,
fidelity,192000,1.0,1.0,1.0,0.02,117.1875,1.4710455076283324e-15,-170.14222735299742,,,,,,
fidelity,192000,1.0,0.5,0.5,0.05,445.3125,8.326672684688674e-16,-147.12647795364867,,,,,,
fidelity,192000,1.0,0.0,0.0,0.05,445.3125,7.216449660063518e-16,-147.0428176376801,,,,,,
fidelity,192000,1.0,0.0,1.0,0.05,445.3125,9.159339953157541e-16,-147.0226669631773,,,,,,
fidelity,192000,1.0,1.0,0.0,0.05,445.3125,1.5681900222830336e-15,-147.25187808839198,,,,,,
fidelity,192000,1.0,1.0,1.0,0.05,445.3125,2.4980018054066022e-15,-147.188755648663,,,,,,
fidelity,192000,1.0,0.5,0.5,0.2,445.3125,1.6653345369377348e-15,-146.67136881370539,,,,,,
fidelity,192000,1.0,0.0,0.0,0.2,445.3125,1.942890293094024e-15,-147.44214219235434,,,,,,
fidelity,192000,1.0,0.0,1.0,0.2,445.3125,2.9976021664879227e-15,-146.43516130501615,,,,,,
fidelity,192000,1.0,1.0,0.0,0.2,445.3125,5.564992910933597e-15,-146.97416503149003,,,,,,
fidelity,192000,1.0,1.0,1.0,0.2,445.3125,7.53563877964325e-15,-145.12626239802287,,,,,,
fidelity,192000,1.0,0.5,0.5,0.5,117.1875,2.6645352591003757e-15,-164.45144708943945,,,,,,
fidelity,192000,1.0,0.0,0.0,0.5,117.1875,9.867107131356079e-15,-168.3364367041929,,,,,,
fidelity,192000,1.0,0.0,1.0,0.5,117.1875,1.1476930517062556e-14,-167.80186316420645,,,,,,
fidelity,192000,1.0,1.0,0.0,0.5,117.1875,2.4424906541753444e-15,-161.30960334198224,,,,,,
fidelity,192000,1.0,1.0,1.0,0.5,117.1875,7.327471962526033e-15,-158.27748740797216,,,,,,
fidelity,192000,1.0,0.5,0.5,0.5,1007.8125,2.6645352591003757e-15,-132.0663188152753,,,,,,
fidelity,192000,1.0,0.0,0.0,0.5,1007.8125,2.6922908347160046e-15,-133.5892126012723,,,,,,
fidelity,192000,1.0,0.0,1.0,0.5,1007.8125,6.217248937900877e-15,-130.1396552423699,,,,,,
fidelity,192000,1.0,1.0,0.0,0.5,1007.8125,4.9404924595819466e-15,-133.51853228249485,,,,,,
fidelity,192000,1.0,1.0,1.0,0.5,1007.8125,1.0380585280245214e-14,-129.92861822755083,,,,,,
fidelity,192000,1.0,0.5,0.5,0.5,1992.1875,3.552713678800501e-15,-123.48072794961739,,,,,,
fidelity,192000,1.0,0.0,0.0,0.5,1992.1875,3.4416913763379853e-15,-123.92636469075373,,,,,,
fidelity,192000,1.0,0.0,1.0,0.5,1992.1875,9.992007221626409e-15,-122.7720792692461,,,,,,
fidelity,192000,1.0,1.0,0.0,0.5,1992.1875,3.885780586188048e-15,-123.93747216923096,,,,,,
fidelity,192000,1.0,1.0,1.0,0.5,1992.1875,9.43689570931383e-15,-122.76986493298453,,,,,,
fidelity,192000,1.0,0.5,0.5,0.5,4007.8125,3.1086244689504383e-15,-114.91422260970177,,,,,,
fidelity,192000,1.0,0.0,0.0,0.5,4007.8125,1.970645868709653e-15,-114.91169554140077,,,,,,
fidelity,192000,1.0,0.0,1.0,0.5,4007.8125,5.773159728050814e-15,-114.91169553884218,,,,,,
fidelity,192000,1.0,1.0,0.0,0.5,4007.8125,2.4980018054066022e-15,-114.91674625123353,,,,,,
fidelity,192000,1.0,1.0,1.0,0.5,4007.8125,7.771561172376096e-15,-114.91674624975934,,,,,,
fidelity,192000,1.0,0.5,0.5,0.05,6023.4375,6.661338147750939e-16,-109.83174720087837,,,,,,
fidelity,192000,1.0,0.0,0.0,0.05,6023.4375,5.273559366969494e-16,-109.83074968863575,,,,,,
fidelity,192000,1.0,0.0,1.0,0.05,6023.4375,1.27675647831893e-15,-109.83074968896176,,,,,,
fidelity,192000,1.0,1.0,0.0,0.05,6023.4375,5.134781488891349e-16,-109.83274612559069,,,,,,
fidelity,192000,1.0,1.0,1.0,0.05,6023.4375,1.3877787807814457e-15,-109.8327461258212,,,,,,
fidelity,192000,1.0,0.5,0.5,0.05,7992.1875,8.326672684688674e-16,-112.32994305465186,,,,,,
fidelity,192000,1.0,0.0,0.0,0.05,7992.1875,4.996003610813204e-16,-112.3293785566272,,,,,,
fidelity,192000,1.0,0.0,1.0,0.05,7992.1875,1.8318679906315083e-15,-112.32937855688644,,,,,,
fidelity,192000,1.0,1.0,0.0,0.05,7992.1875,5.828670879282072e-16,-112.3305080036205,,,,,,
fidelity,192000,1.0,1.0,1.0,0.05,7992.1875,1.5543122344752192e-15,-112.33050800374939,,,,,,
cleanup,,0.0,,,0.02,,,,0.0016664201815916975,0.01999919153542523,,,,
cleanup,,0.0,,,0.05,,,,0.010405571705463313,0.04998486784222293,,,,
cleanup,,0.0,,,0.2,,,,0.16382098056097988,0.19901659027968854,,,,
cleanup,,0.0,,,0.5,,,,0.9420755816004013,0.485678655860158,,,,
cleanup,,0.5,,,0.02,,,,0.026342606651692354,0.049055835084793664,,,,
cleanup,,0.5,,,0.05,,,,0.16230027896313592,0.12213757613477114,,,,
cleanup,,0.5,,,0.2,,,,2.1013376133848922,0.45907219158788204,,,,
cleanup,,0.5,,,0.5,,,,7.081456171832258,0.9438127064119806,,,,
cleanup,,1.0,,,0.02,,,,0.4012708026434096,0.11905369795415997,,,,
cleanup,,1.0,,,0.05,,,,2.0852752324704174,0.28187574486836625,,,,
cleanup,,1.0,,,0.2,,,,10.640574877422544,0.7756792879162038,,,,
cleanup,,1.0,,,0.5,,,,17.655089144054372,1.195655545239397,,,,
volume,,,,,,,0.0,,,,0.0,0.0,,
volume,,,,,,,3.0357660829594124e-18,,,,0.1,0.003981071705534973,,
volume,,,,,,,4.5102810375396984e-17,,,,0.25,0.06220424539898394,,
volume,,,,,,,3.608224830031759e-16,,,,0.5,0.49763396319187153,,
volume,,,,,,,6.661338147750939e-16,,,,0.6309573444801932,0.9999999999999999,,
volume,,,,,,,2.886579864025407e-15,,,,1.0,3.9810717055349722,,
di,,0.0,,,0.05,,,-118.70734467193833,,,,,,
di,,0.0,,,0.2,,,-118.71150032469258,,,,,,
di,,0.0,,,0.5,,,-118.73268867555089,,,,,,
di,,0.5,,,0.05,,,-118.71145909713664,,,,,,
di,,0.5,,,0.2,,,-118.76454249070068,,,,,,
di,,0.5,,,0.5,,,-118.90255502374963,,,,,,
di,,1.0,,,0.05,,,-118.76409911345137,,,,,,
di,,1.0,,,0.2,,,-118.99739710077736,,,,,,
di,,1.0,,,0.5,,,-119.15398592003666,,,,,,
boost_cascade,,,,,,,,-120.37751785815315,,,,,F/L,0.0
boost_cascade,,,,,,,,-120.47118272562726,,,,,F/L,6.0
boost_cascade,,,,,,,,-120.55169558087752,,,,,F/L,12.0
boost_cascade,,,,,,,,-120.55834791357665,,,,,F/L,20.0
boost_cascade,,,,,,,,-119.1527032840234,,,,,F/H,0.0
boost_cascade,,,,,,,,-119.25426017905416,,,,,F/H,6.0
boost_cascade,,,,,,,,-119.37973430518022,,,,,F/H,12.0
boost_cascade,,,,,,,,-119.49382689627305,,,,,F/H,20.0
boost_cascade,,,,,,,,-119.52944716640712,,,,,C/L,0.0
boost_cascade,,,,,,,,-119.62511693682083,,,,,C/L,6.0
boost_cascade,,,,,,,,-119.73815033288187,,,,,C/L,12.0
boost_cascade,,,,,,,,-119.82292111003751,,,,,C/L,20.0
boost_cascade,,,,,,,,-118.39573451086716,,,,,C/H,0.0
boost_cascade,,,,,,,,-118.49783514317208,,,,,C/H,6.0
boost_cascade,,,,,,,,-118.6492476062995,,,,,C/H,12.0
boost_cascade,,,,,,,,-118.83743376463127,,,,,C/H,20.0
boost_cascade,,,,,,,,-117.72240931600854,,,,,T/L,0.0
boost_cascade,,,,,,,,-117.82302869592513,,,,,T/L,6.0
boost_cascade,,,,,,,,-117.99355036246807,,,,,T/L,12.0
boost_cascade,,,,,,,,-118.25404174006614,,,,,T/L,20.0
boost_cascade,,,,,,,,-116.75324462510272,,,,,T/H,0.0
boost_cascade,,,,,,,,-116.86314203533401,,,,,T/H,6.0
boost_cascade,,,,,,,,-117.06804708052657,,,,,T/H,12.0
boost_cascade,,,,,,,,-117.43083875932321,,,,,T/H,20.0
