fs,frames,case,median_us,p99_us,max_us,p99_budget_percent
44100,1,settled,0.375,0.5,0.584,2.205
44100,1,control_ramps,0.5,0.625,3.375,2.75625
44100,2,settled,0.75,0.834,0.917,1.83897
44100,2,control_ramps,0.792,0.834,15.375,1.83897
44100,4,settled,1.333,1.375,1.458,1.5159375
44100,4,control_ramps,1.625,1.709,1.875,1.8841725
44100,8,settled,2.625,3.042,17.667,1.6769025
44100,8,control_ramps,2.875,3.25,7.583,1.7915625
44100,32,settled,10.375,14.25,27.25,1.96382813
44100,32,control_ramps,9.084,14.75,26.25,2.03273437
44100,64,settled,16.208,23.959,37.584,1.65092484
44100,64,control_ramps,14.958,25.625,36.75,1.76572266
44100,128,settled,28.584,43.625,49.958,1.50301758
44100,128,control_ramps,29.334,44.791,64.458,1.54318992
48000,1,settled,0.25,0.292,4.75,1.4016
48000,1,control_ramps,0.292,0.334,0.375,1.6032
48000,2,settled,0.459,0.542,0.584,1.3008
48000,2,control_ramps,0.542,0.584,15.666,1.4016
48000,4,settled,0.916,0.958,1,1.1496
48000,4,control_ramps,1,1.167,18.084,1.4004
48000,8,settled,1.792,2.083,11.666,1.2498
48000,8,control_ramps,1.917,2,17.084,1.2
48000,32,settled,7.084,14.291,34.541,2.14365
48000,32,control_ramps,7.375,8.041,23.25,1.20615
48000,64,settled,14.084,25.25,45,1.89375
48000,64,control_ramps,14.459,26.5,41.375,1.9875
48000,128,settled,28.458,43.417,52.375,1.6281375
48000,128,control_ramps,29.375,44.75,75.292,1.678125
88200,1,settled,0.25,0.292,16.375,2.57544
88200,1,control_ramps,0.292,0.375,0.459,3.3075
88200,2,settled,0.458,0.5,0.584,2.205
88200,2,control_ramps,0.542,0.584,15.875,2.57544
88200,4,settled,0.916,0.959,1,2.114595
88200,4,control_ramps,1,1.042,15.875,2.29761
88200,8,settled,1.791,1.958,17.25,2.158695
88200,8,control_ramps,1.917,2.083,16.875,2.2965075
88200,32,settled,7.083,13.292,24.583,3.6636075
88200,32,control_ramps,7.334,8,23.083,2.205
88200,64,settled,14.125,29.417,48.875,4.05403031
88200,64,control_ramps,14.5,24.25,44.125,3.34195313
88200,128,settled,28.583,43.959,59.375,3.02904984
88200,128,control_ramps,29.417,44.667,53.25,3.07783547
96000,1,settled,0.25,0.291,10.167,2.7936
96000,1,control_ramps,0.292,0.334,22.334,3.2064
96000,2,settled,0.459,0.542,0.625,2.6016
96000,2,control_ramps,0.542,0.583,0.625,2.7984
96000,4,settled,0.916,0.958,16.375,2.2992
96000,4,control_ramps,1.042,1.167,13.417,2.8008
96000,8,settled,1.791,1.875,16.916,2.25
96000,8,control_ramps,1.917,2,4,2.4
96000,32,settled,7.083,7.833,24.625,2.3499
96000,32,control_ramps,7.583,13.417,30.166,4.0251
96000,64,settled,14.084,25.5,71.792,3.825
96000,64,control_ramps,14.459,24.25,37.625,3.6375
96000,128,settled,28.5,49.959,86.042,3.746925
96000,128,control_ramps,29.458,44.125,51.792,3.309375
176400,1,settled,0.25,0.292,0.417,5.15088
176400,1,control_ramps,0.292,0.334,0.375,5.89176
176400,2,settled,0.458,0.542,0.625,4.78044
176400,2,control_ramps,0.542,0.625,0.709,5.5125
176400,4,settled,0.916,0.959,18.333,4.22919
176400,4,control_ramps,1,1.042,14,4.59522
176400,8,settled,1.791,1.917,18.833,4.226985
176400,8,control_ramps,1.959,2.25,23.417,4.96125
176400,32,settled,7.083,7.792,22.167,4.29534
176400,32,control_ramps,7.375,11.541,22.541,6.36197625
176400,64,settled,14.125,20.625,35.083,5.68476562
176400,64,control_ramps,14.458,23.042,35.916,6.35095125
176400,128,settled,28.583,43.417,45.5,5.98340531
176400,128,control_ramps,29.417,44.458,74.916,6.12686813
192000,1,settled,0.25,0.25,0.292,4.8
192000,1,control_ramps,0.292,0.334,12.792,6.4128
192000,2,settled,0.458,0.542,0.625,5.2032
192000,2,control_ramps,0.541,0.583,15.542,5.5968
192000,4,settled,0.916,1,15.042,4.8
192000,4,control_ramps,1,1.042,13.416,5.0016
192000,8,settled,1.791,1.875,3.875,4.5
192000,8,control_ramps,1.917,2.125,16.666,5.1
192000,32,settled,7.042,7.75,23.041,4.65
192000,32,control_ramps,7.375,11.75,28.042,7.05
192000,64,settled,14.084,24.583,39.5,7.3749
192000,64,control_ramps,14.458,20.958,43.458,6.2874
192000,128,settled,28.584,43.291,49.75,6.49365
192000,128,control_ramps,29.375,44.333,46.167,6.64995
