rate,block,route,p50_us,p99_us,max_us,deadline_us
44100,1,0,0.042,0.042,0.125,22.6757
44100,1,1,0.042,0.042,0.084,22.6757
44100,1,2,0.25,0.292,0.334,22.6757
44100,1,3,0.25,0.25,0.375,22.6757
44100,1,4,0.25,0.292,0.75,22.6757
44100,2,0,0.042,0.042,0.042,45.3515
44100,2,1,0.042,0.084,0.084,45.3515
44100,2,2,0.583,1.792,28.958,45.3515
44100,2,3,0.625,0.667,0.709,45.3515
44100,2,4,0.583,0.666,1.083,45.3515
44100,4,0,0.042,0.084,0.125,90.7029
44100,4,1,0.083,0.084,0.125,90.7029
44100,4,2,1.042,1.125,17.334,90.7029
44100,4,3,1.25,1.292,2.958,90.7029
44100,4,4,1.166,1.334,2.334,90.7029
44100,8,0,0.083,0.084,0.125,181.406
44100,8,1,0.125,0.125,0.166,181.406
44100,8,2,2.125,2.209,8.333,181.406
44100,8,3,2.375,2.5,45.333,181.406
44100,8,4,2.541,3,27.417,181.406
44100,32,0,0.291,0.292,0.5,725.624
44100,32,1,0.458,0.541,5.75,725.624
44100,32,2,8.375,8.667,47.334,725.624
44100,32,3,9.75,13.125,38.875,725.624
44100,32,4,9.958,11.584,34.834,725.624
44100,64,0,0.541,0.584,0.625,1451.25
44100,64,1,0.958,1.042,21.25,1451.25
44100,64,2,16.791,21.458,56.167,1451.25
44100,64,3,19.417,32.458,65.583,1451.25
44100,64,4,19.958,32.708,63.042,1451.25
44100,128,0,1.083,1.167,22.958,2902.49
44100,128,1,1.875,5.167,17.667,2902.49
44100,128,2,33.5,45.291,77.959,2902.49
44100,128,3,38.833,53.917,97.916,2902.49
44100,128,4,39.792,60.166,109.334,2902.49
48000,1,0,0.042,0.042,0.083,20.8333
48000,1,1,0.042,0.042,0.084,20.8333
48000,1,2,0.209,0.25,0.333,20.8333
48000,1,3,0.25,0.292,5.625,20.8333
48000,1,4,0.25,0.333,0.75,20.8333
48000,2,0,0.042,0.042,0.167,41.6667
48000,2,1,0.042,0.084,0.084,41.6667
48000,2,2,0.542,0.584,15.75,41.6667
48000,2,3,0.625,0.708,3.083,41.6667
48000,2,4,0.583,0.667,7.542,41.6667
48000,4,0,0.042,0.084,0.125,83.3333
48000,4,1,0.083,0.084,0.125,83.3333
48000,4,2,1.083,1.167,18.584,83.3333
48000,4,3,1.208,1.292,23.833,83.3333
48000,4,4,1.125,1.292,1.75,83.3333
48000,8,0,0.083,0.084,0.167,166.667
48000,8,1,0.125,0.167,0.25,166.667
48000,8,2,2.042,2.166,34.208,166.667
48000,8,3,2.333,2.5,23.875,166.667
48000,8,4,2.458,2.834,4.083,166.667
48000,32,0,0.25,0.333,13.667,666.667
48000,32,1,0.458,0.5,0.666,666.667
48000,32,2,8.125,8.625,78.791,666.667
48000,32,3,9.375,9.958,35.875,666.667
48000,32,4,9.625,10.458,42.583,666.667
48000,64,0,0.541,0.583,2.459,1333.33
48000,64,1,0.875,0.959,5.791,1333.33
48000,64,2,16.208,21.417,63.666,1333.33
48000,64,3,18.75,23.625,56.5,1333.33
48000,64,4,19.25,24.416,94.208,1333.33
48000,128,0,1.041,1.167,1.25,2666.67
48000,128,1,1.833,1.958,17.334,2666.67
48000,128,2,32.333,43.333,77.666,2666.67
48000,128,3,37.5,48.792,86.917,2666.67
48000,128,4,38.417,46.708,113.292,2666.67
88200,1,0,0.042,0.042,28.625,11.3379
88200,1,1,0.042,0.042,0.084,11.3379
88200,1,2,0.208,0.25,22.583,11.3379
88200,1,3,0.209,0.25,5.75,11.3379
88200,1,4,0.25,0.292,1.042,11.3379
88200,2,0,0.042,0.042,0.084,22.6757
88200,2,1,0.042,0.084,14.083,22.6757
88200,2,2,0.542,0.584,0.625,22.6757
88200,2,3,0.584,0.667,15.917,22.6757
88200,2,4,0.583,0.667,13.291,22.6757
88200,4,0,0.042,0.084,0.125,45.3515
88200,4,1,0.083,0.084,0.209,45.3515
88200,4,2,1.041,1.125,1.209,45.3515
88200,4,3,1.208,1.292,77.667,45.3515
88200,4,4,1.125,1.292,2,45.3515
88200,8,0,0.083,0.084,0.166,90.7029
88200,8,1,0.125,0.125,15,90.7029
88200,8,2,2,2.25,47.75,90.7029
88200,8,3,2.375,2.583,16.583,90.7029
88200,8,4,2.416,2.791,17.625,90.7029
88200,32,0,0.25,0.292,0.5,362.812
88200,32,1,0.458,0.5,6.708,362.812
88200,32,2,8.084,8.625,41.875,362.812
88200,32,3,9.375,9.958,79.667,362.812
88200,32,4,9.625,10.875,32.125,362.812
88200,64,0,0.5,0.542,0.625,725.624
88200,64,1,0.917,1.041,27.292,725.624
88200,64,2,16.208,18.417,56.542,725.624
88200,64,3,18.75,24.333,89.083,725.624
88200,64,4,19.291,33.542,89.667,725.624
88200,128,0,1.083,1.166,24.042,1451.25
88200,128,1,1.834,2,7.875,1451.25
88200,128,2,32.334,52.958,133.625,1451.25
88200,128,3,37.458,51,103.625,1451.25
88200,128,4,38.5,48.916,117.166,1451.25
96000,1,0,0.041,0.042,0.125,10.4167
96000,1,1,0.042,0.042,0.125,10.4167
96000,1,2,0.209,0.25,0.292,10.4167
96000,1,3,0.25,0.25,0.333,10.4167
96000,1,4,0.25,0.292,1.167,10.4167
96000,2,0,0.042,0.042,0.125,20.8333
96000,2,1,0.042,0.084,0.125,20.8333
96000,2,2,0.541,0.583,16.542,20.8333
96000,2,3,0.625,0.667,0.75,20.8333
96000,2,4,0.583,0.625,1.5,20.8333
96000,4,0,0.042,0.084,0.084,41.6667
96000,4,1,0.083,0.084,0.167,41.6667
96000,4,2,1.083,1.208,33.417,41.6667
96000,4,3,1.167,1.25,3,41.6667
96000,4,4,1.166,1.333,6.625,41.6667
96000,8,0,0.083,0.084,0.167,83.3333
96000,8,1,0.125,0.125,0.167,83.3333
96000,8,2,2.041,2.167,6.541,83.3333
96000,8,3,2.334,2.541,16.667,83.3333
96000,8,4,2.416,3,18.083,83.3333
96000,32,0,0.25,0.292,2,333.333
96000,32,1,0.458,0.5,27.042,333.333
96000,32,2,8.125,8.708,50.791,333.333
96000,32,3,9.375,10.083,38.458,333.333
96000,32,4,9.625,11.958,48,333.333
96000,64,0,0.541,0.542,0.625,666.667
96000,64,1,0.916,1.041,10.209,666.667
96000,64,2,16.208,19.959,60.917,666.667
96000,64,3,19.375,60.708,263.25,666.667
96000,64,4,19.292,33.5,92.917,666.667
96000,128,0,1.041,1.167,15.625,1333.33
96000,128,1,1.833,2.042,20.958,1333.33
96000,128,2,32.334,38.417,66.167,1333.33
96000,128,3,37.417,55.125,84.458,1333.33
96000,128,4,38.542,60.583,117.667,1333.33
176400,1,0,0.042,0.042,0.042,5.66893
176400,1,1,0.042,0.042,0.084,5.66893
176400,1,2,0.25,0.334,24.458,5.66893
176400,1,3,0.25,0.333,18.667,5.66893
176400,1,4,0.25,0.292,1.083,5.66893
176400,2,0,0.042,0.042,0.125,11.3379
176400,2,1,0.042,0.084,0.167,11.3379
176400,2,2,0.542,0.667,2.042,11.3379
176400,2,3,0.625,1.708,11.458,11.3379
176400,2,4,0.583,2.291,259,11.3379
176400,4,0,0.042,0.084,0.166,22.6757
176400,4,1,0.083,0.084,0.167,22.6757
176400,4,2,1.083,1.209,20.459,22.6757
176400,4,3,1.25,3.166,18.583,22.6757
176400,4,4,1.167,1.334,5.041,22.6757
176400,8,0,0.083,0.084,0.167,45.3515
176400,8,1,0.125,0.166,0.292,45.3515
176400,8,2,2.125,13.25,37.166,45.3515
176400,8,3,2.333,2.541,17.375,45.3515
176400,8,4,2.459,2.667,43.542,45.3515
176400,32,0,0.25,0.292,0.458,181.406
176400,32,1,0.458,0.5,28.833,181.406
176400,32,2,8.125,8.666,32.167,181.406
176400,32,3,9.375,10.042,39.625,181.406
176400,32,4,9.625,11.458,36.291,181.406
176400,64,0,0.541,0.583,0.667,362.812
176400,64,1,0.875,0.959,1.042,362.812
176400,64,2,16.208,46.417,295.25,362.812
176400,64,3,18.75,22.875,63.875,362.812
176400,64,4,19.291,26.583,82.75,362.812
176400,128,0,1.041,1.125,1.334,725.624
176400,128,1,1.833,2,8.708,725.624
176400,128,2,32.334,41.667,76.125,725.624
176400,128,3,37.417,51.458,122.167,725.624
176400,128,4,38.5,52.75,117.958,725.624
192000,1,0,0.042,0.042,0.125,5.20833
192000,1,1,0.042,0.042,0.167,5.20833
192000,1,2,0.209,0.25,0.334,5.20833
192000,1,3,0.209,0.25,0.375,5.20833
192000,1,4,0.25,0.292,1.166,5.20833
192000,2,0,0.042,0.042,0.083,10.4167
192000,2,1,0.042,0.084,0.084,10.4167
192000,2,2,0.542,0.625,0.667,10.4167
192000,2,3,0.625,0.708,49.416,10.4167
192000,2,4,0.542,0.666,2.375,10.4167
192000,4,0,0.042,0.084,0.167,20.8333
192000,4,1,0.083,0.084,2.667,20.8333
192000,4,2,1,1.042,1.084,20.8333
192000,4,3,1.208,1.292,1.375,20.8333
192000,4,4,1.084,1.291,16.75,20.8333
192000,8,0,0.083,0.084,0.125,41.6667
192000,8,1,0.125,0.125,0.125,41.6667
192000,8,2,2.042,2.25,7.209,41.6667
192000,8,3,2.333,2.542,18.333,41.6667
192000,8,4,2.458,2.667,7.375,41.6667
192000,32,0,0.25,0.375,11.834,166.667
192000,32,1,0.458,0.5,14.959,166.667
192000,32,2,8.084,8.625,26.542,166.667
192000,32,3,9.375,9.959,33.5,166.667
192000,32,4,9.625,11.417,37.375,166.667
192000,64,0,0.541,0.625,38.291,333.333
192000,64,1,0.917,0.959,1.083,333.333
192000,64,2,16.208,21.042,44.084,333.333
192000,64,3,18.75,24.167,56.25,333.333
192000,64,4,19.291,21.75,50.417,333.333
192000,128,0,1.083,1.208,28.916,666.667
192000,128,1,1.833,1.959,13.292,666.667
192000,128,2,32.333,41.958,73.917,666.667
192000,128,3,37.417,48.75,105.792,666.667
192000,128,4,38.5,50.75,74.541,666.667
