format,rate,block,mode,p50_us,p99_us,max_us,deadline_us
VST3,44100,1,disabled,0.583000,0.833000,4.958000,22.675737
VST3,44100,1,enabled,0.500000,0.833000,9.500000,22.675737
VST3,44100,2,disabled,0.625000,0.917000,2.334000,45.351474
VST3,44100,2,enabled,0.625000,0.917000,2.042000,45.351474
VST3,44100,4,disabled,0.834000,1.166000,19.708000,90.702948
VST3,44100,4,enabled,0.834000,1.166000,28.167000,90.702948
VST3,44100,8,disabled,1.166000,1.458000,27.334000,181.405896
VST3,44100,8,enabled,1.167000,1.500000,18.042000,181.405896
VST3,44100,32,disabled,3.417000,3.875000,41.000000,725.623583
VST3,44100,32,enabled,3.125000,3.458000,20.458000,725.623583
VST3,44100,64,disabled,5.250000,5.833000,27.917000,1451.247166
VST3,44100,64,enabled,4.750000,7.333000,53.541000,1451.247166
VST3,44100,128,disabled,8.958000,12.417000,45.459000,2902.494331
VST3,44100,128,enabled,9.458000,12.250000,66.125000,2902.494331
VST3,44100,256,disabled,17.625000,25.083000,122.417000,5804.988662
VST3,44100,256,enabled,17.709000,31.958000,120.958000,5804.988662
VST3,44100,512,disabled,34.208000,49.500000,108.584000,11609.977324
VST3,44100,512,enabled,35.416000,50.000000,104.041000,11609.977324
VST3,44100,1024,disabled,68.333000,86.167000,131.667000,23219.954649
VST3,44100,1024,enabled,70.708000,126.875000,201.416000,23219.954649
VST3,44100,37,disabled,2.417000,2.667000,17.583000,839.002268
VST3,44100,37,enabled,2.500000,2.750000,18.708000,839.002268
VST3,48000,1,disabled,0.250000,0.542000,0.709000,20.833333
VST3,48000,1,enabled,0.250000,0.541000,14.167000,20.833333
VST3,48000,2,disabled,0.292000,0.583000,5.250000,41.666667
VST3,48000,2,enabled,0.292000,0.583000,4.250000,41.666667
VST3,48000,4,disabled,0.416000,0.583000,0.708000,83.333333
VST3,48000,4,enabled,0.417000,0.583000,1.667000,83.333333
VST3,48000,8,disabled,0.584000,0.791000,0.917000,166.666667
VST3,48000,8,enabled,0.625000,0.791000,0.834000,166.666667
VST3,48000,32,disabled,2.084000,2.791000,18.000000,666.666667
VST3,48000,32,enabled,2.166000,2.417000,17.541000,666.666667
VST3,48000,64,disabled,4.167000,4.666000,20.292000,1333.333333
VST3,48000,64,enabled,4.333000,4.958000,36.916000,1333.333333
VST3,48000,128,disabled,8.541000,9.375000,30.333000,2666.666667
VST3,48000,128,enabled,8.792000,9.875000,41.000000,2666.666667
VST3,48000,256,disabled,17.000000,25.084000,36.792000,5333.333333
VST3,48000,256,enabled,17.584000,29.125000,82.458000,5333.333333
VST3,48000,512,disabled,34.208000,48.625000,66.208000,10666.666667
VST3,48000,512,enabled,35.416000,49.250000,93.917000,10666.666667
VST3,48000,1024,disabled,68.292000,84.250000,130.625000,21333.333333
VST3,48000,1024,enabled,72.500000,139.708000,260.833000,21333.333333
VST3,48000,37,disabled,2.500000,2.792000,18.375000,770.833333
VST3,48000,37,enabled,2.583000,2.959000,20.375000,770.833333
VST3,88200,1,disabled,0.250000,0.375000,0.625000,11.337868
VST3,88200,1,enabled,0.250000,0.416000,0.458000,11.337868
VST3,88200,2,disabled,0.292000,0.458000,17.667000,22.675737
VST3,88200,2,enabled,0.292000,0.458000,0.584000,22.675737
VST3,88200,4,disabled,0.417000,0.584000,0.709000,45.351474
VST3,88200,4,enabled,0.417000,0.667000,18.375000,45.351474
VST3,88200,8,disabled,0.625000,0.833000,16.584000,90.702948
VST3,88200,8,enabled,0.625000,0.833000,15.459000,90.702948
VST3,88200,32,disabled,2.084000,2.417000,19.792000,362.811791
VST3,88200,32,enabled,2.167000,2.500000,43.500000,362.811791
VST3,88200,64,disabled,4.167000,4.666000,26.459000,725.623583
VST3,88200,64,enabled,4.333000,4.833000,19.791000,725.623583
VST3,88200,128,disabled,8.458000,9.416000,30.791000,1451.247166
VST3,88200,128,enabled,8.750000,9.708000,53.750000,1451.247166
VST3,88200,256,disabled,17.000000,19.667000,37.417000,2902.494331
VST3,88200,256,enabled,17.584000,20.875000,93.167000,2902.494331
VST3,88200,512,disabled,34.125000,48.458000,76.917000,5804.988662
VST3,88200,512,enabled,35.333000,50.292000,94.083000,5804.988662
VST3,88200,1024,disabled,68.208000,84.208000,142.666000,11609.977324
VST3,88200,1024,enabled,70.875000,92.042000,147.375000,11609.977324
VST3,88200,37,disabled,2.541000,3.042000,26.208000,419.501134
VST3,88200,37,enabled,2.667000,10.791000,59.375000,419.501134
VST3,96000,1,disabled,0.250000,0.583000,37.125000,10.416667
VST3,96000,1,enabled,0.250000,0.917000,30.042000,10.416667
VST3,96000,2,disabled,0.292000,0.666000,31.083000,20.833333
VST3,96000,2,enabled,0.292000,0.834000,52.500000,20.833333
VST3,96000,4,disabled,0.417000,4.875000,27.750000,41.666667
VST3,96000,4,enabled,0.417000,2.541000,34.083000,41.666667
VST3,96000,8,disabled,0.667000,2.166000,39.292000,83.333333
VST3,96000,8,enabled,0.667000,1.958000,48.583000,83.333333
VST3,96000,32,disabled,2.250000,21.375000,41.958000,333.333333
VST3,96000,32,enabled,2.375000,23.834000,57.250000,333.333333
VST3,96000,64,disabled,4.500000,32.291000,66.250000,666.666667
VST3,96000,64,enabled,4.625000,19.625000,43.500000,666.666667
VST3,96000,128,disabled,8.458000,9.333000,38.167000,1333.333333
VST3,96000,128,enabled,8.750000,9.500000,16.583000,1333.333333
VST3,96000,256,disabled,17.000000,18.416000,37.791000,2666.666667
VST3,96000,256,enabled,18.833000,62.083000,122.709000,2666.666667
VST3,96000,512,disabled,34.084000,48.709000,112.666000,5333.333333
VST3,96000,512,enabled,35.333000,50.750000,121.083000,5333.333333
VST3,96000,1024,disabled,68.166000,86.500000,176.417000,10666.666667
VST3,96000,1024,enabled,70.541000,89.209000,132.833000,10666.666667
VST3,96000,37,disabled,2.417000,2.750000,8.833000,385.416667
VST3,96000,37,enabled,2.500000,2.833000,17.625000,385.416667
VST3,176400,1,disabled,0.250000,0.417000,0.583000,5.668934
VST3,176400,1,enabled,0.250000,0.416000,0.542000,5.668934
VST3,176400,2,disabled,0.292000,0.459000,0.625000,11.337868
VST3,176400,2,enabled,0.292000,0.417000,0.584000,11.337868
VST3,176400,4,disabled,0.416000,0.666000,1.125000,22.675737
VST3,176400,4,enabled,0.417000,0.584000,0.709000,22.675737
VST3,176400,8,disabled,0.625000,0.917000,2.500000,45.351474
VST3,176400,8,enabled,0.666000,0.916000,1.042000,45.351474
VST3,176400,32,disabled,2.167000,2.625000,26.084000,181.405896
VST3,176400,32,enabled,2.167000,2.542000,15.625000,181.405896
VST3,176400,64,disabled,4.208000,4.750000,20.584000,362.811791
VST3,176400,64,enabled,4.375000,5.000000,31.584000,362.811791
VST3,176400,128,disabled,8.459000,9.500000,62.958000,725.623583
VST3,176400,128,enabled,8.791000,9.875000,34.917000,725.623583
VST3,176400,256,disabled,16.958000,18.750000,41.792000,1451.247166
VST3,176400,256,enabled,17.583000,21.125000,72.375000,1451.247166
VST3,176400,512,disabled,36.208000,94.875000,170.583000,2902.494331
VST3,176400,512,enabled,36.333000,113.167000,5530.959000,2902.494331
VST3,176400,1024,disabled,68.125000,85.875000,129.709000,5804.988662
VST3,176400,1024,enabled,70.500000,88.083000,151.084000,5804.988662
VST3,176400,37,disabled,2.417000,2.750000,17.833000,209.750567
VST3,176400,37,enabled,2.500000,3.000000,26.334000,209.750567
VST3,192000,1,disabled,0.250000,0.458000,0.792000,5.208333
VST3,192000,1,enabled,0.250000,0.500000,0.667000,5.208333
VST3,192000,2,disabled,0.292000,0.458000,0.750000,10.416667
VST3,192000,2,enabled,0.292000,0.542000,0.708000,10.416667
VST3,192000,4,disabled,0.417000,0.708000,0.958000,20.833333
VST3,192000,4,enabled,0.416000,0.709000,23.459000,20.833333
VST3,192000,8,disabled,0.625000,1.042000,21.500000,41.666667
VST3,192000,8,enabled,0.625000,1.083000,11.084000,41.666667
VST3,192000,32,disabled,2.083000,2.416000,15.459000,166.666667
VST3,192000,32,enabled,2.167000,2.709000,18.375000,166.666667
VST3,192000,64,disabled,4.167000,4.750000,24.875000,333.333333
VST3,192000,64,enabled,4.333000,4.916000,20.167000,333.333333
VST3,192000,128,disabled,8.792000,87.583000,13113.042000,666.666667
VST3,192000,128,enabled,8.750000,11.000000,55.083000,666.666667
VST3,192000,256,disabled,17.166000,93.417000,7639.916000,1333.333333
VST3,192000,256,enabled,17.541000,31.208000,78.583000,1333.333333
VST3,192000,512,disabled,36.334000,97.417000,234.958000,2666.666667
VST3,192000,512,enabled,36.750000,71.292000,142.250000,2666.666667
VST3,192000,1024,disabled,68.458000,86.042000,137.125000,5333.333333
VST3,192000,1024,enabled,70.583000,133.750000,1321.584000,5333.333333
VST3,192000,37,disabled,2.417000,2.833000,18.875000,192.708333
VST3,192000,37,enabled,2.500000,2.916000,17.500000,192.708333
